518681,4,25,Brown-Ones & Pink (5 Suits),Aluap,aquarelle,methmatics,sin_faith
514706,4,20,Pink (4 Suits),cockdestroyer,methmatics,Stinkydude63,XMIL
514699,3,12,Pink-Fives & White (3 Suits),cockdestroyer,methmatics,XMIL
514688,3,0,Dual-Color & Cocoa Rainbow (6 Suits),cockdestroyer,methmatics,XMIL
514681,2,20,Omni (4 Suits),methmatics,XMIL
493740,6,23,No Variant,acorns,almonds,Fey,macadamia,methmatics,peanut
488187,6,30,Pink (6 Suits),BraydonM,cockdestroyer,Lanvin,louietyj,methmatics,sin_faith
488185,6,0,Pink (6 Suits),BraydonM,cockdestroyer,Lanvin,louietyj,methmatics,sin_faith
488184,6,0,Pink (6 Suits),BraydonM,cockdestroyer,Lanvin,louietyj,methmatics,sin_faith
488181,4,30,Muddy Rainbow & Dark Pink (6 Suits),catula,cockdestroyer,Dwu123,methmatics
486355,5,29,Pink & Dark Omni (6 Suits),cockdestroyer,melwen,methmatics,Nitrate2,Wittvector
486350,5,0,Pink & Dark Omni (6 Suits),cockdestroyer,melwen,methmatics,Nitrate2,Wittvector
486344,5,0,Pink & Dark Omni (6 Suits),cockdestroyer,melwen,methmatics,Nitrate2,Wittvector
486328,3,0,Rainbow (6 Suits),annoyingpi,methmatics,room456
486319,3,0,Rainbow (6 Suits),annoyingpi,methmatics,room456
486311,3,0,Rainbow (6 Suits),annoyingpi,methmatics,room456
486310,3,0,Rainbow (6 Suits),annoyingpi,methmatics,room456
485164,5,24,No Variant,IsabeltheCat,kinkajusrevenge,louietyj,mestrepoke,methmatics
485129,5,0,No Variant,IsabeltheCat,kinkajusrevenge,mehdi_safi,mestrepoke,methmatics
478916,5,30,Rainbow (6 Suits),cockdestroyer,duckmedic,methmatics,possum,wump
478910,4,29,Rainbow (6 Suits),cockdestroyer,methmatics,possum,wump
471237,4,25,Prism (5 Suits),indego,methmatics,spbsuitmo,XMIL
471234,4,0,Prism (5 Suits),indego,methmatics,spbsuitmo,XMIL
471227,4,0,Prism (5 Suits),indego,methmatics,spbsuitmo,XMIL
471217,4,0,Prism (5 Suits),indego,methmatics,spbsuitmo,XMIL
471141,4,0,Dark Omni (6 Suits),cockdestroyer,indego,methmatics,XMIL
462861,5,24,No Variant,imkSushi,methmatics,Morganlgd,reuzed,Smith
462823,5,0,No Variant,imkSushi,methmatics,Morganlgd,reuzed,Smith
462777,5,0,No Variant,imkSushi,methmatics,Morganlgd,reuzed,Smith
457901,4,25,White (5 Suits),cockdestroyer,methmatics,Pablo-,XMIL
457860,4,25,Pink (5 Suits),cockdestroyer,methmatics,nitawa,XMIL
455105,6,23,No Variant,Animex52,antitelharsic,cockdestroyer,indegoo,methmatics,spbsuitmo
455087,3,0,Cocoa Rainbow (5 Suits),dobi,indego,methmatics
454660,3,30,Rainbow & Omni (6 Suits),kopen,MangoPie,methmatics
454630,3,0,Rainbow & Omni (6 Suits),kopen,MangoPie,methmatics
454616,3,27,Rainbow & Omni (6 Suits),kopen,MangoPie,methmatics
454106,4,24,Dark Prism (5 Suits),Animex52,catula,methmatics,Sucubis
454097,4,22,Dark Prism (5 Suits),Animex52,catula,methmatics,Sucubis
448628,6,21,Black (5 Suits),Animex52,boba,jack67889,methmatics,sin_faith,Sucubis
448622,4,22,No Variant,Animex52,boba,methmatics,Sucubis
446544,5,28,Dark Prism (6 Suits),Animex52,boba,catula,methmatics,Sucubis
442993,4,0,No Variant,blin00,HorribleMoose,methmatics,spbsuitmo
442974,4,25,No Variant,blin00,HorribleMoose,methmatics,spbsuitmo
441858,3,25,No Variant,Dwu123,methmatics,spbsuitmo
441852,3,0,No Variant,Dwu123,methmatics,spbsuitmo
441849,2,25,No Variant,methmatics,spbsuitmo
441845,2,0,No Variant,methmatics,spbsuitmo
441842,2,0,No Variant,methmatics,spbsuitmo
440160,4,29,Gray Pink (6 Suits),methmatics,nitawa,Nitrate2,Pablo-
440120,4,0,Gray Pink (6 Suits),methmatics,nitawa,Nitrate2,Pablo-
440078,3,20,White (4 Suits),methmatics,nitawa,Pablo-
440064,3,0,White (4 Suits),methmatics,nitawa,Pablo-
437741,5,23,Pink (5 Suits),4head,aquarelle,griff77,methmatics,torp
437687,6,25,No Variant,4head,aquarelle,eljavi,griff77,methmatics,torp
437667,4,0,Pink & Light Pink (6 Suits),4head,aquarelle,methmatics,torp
437639,4,0,Pink & Light Pink (6 Suits),4head,aquarelle,methmatics,torp
436502,5,25,No Variant,cockdestroyer,Dwu123,JYOKOTA,methmatics,spbsuitmo
436471,5,25,No Variant,cockdestroyer,Dwu123,JYOKOTA,methmatics,spbsuitmo
436447,5,0,No Variant,cockdestroyer,Dwu123,jamesleng100,methmatics,spbsuitmo
436422,4,25,No Variant,cockdestroyer,jamesleng100,methmatics,spbsuitmo
436406,3,0,No Variant,jamesleng100,methmatics,spbsuitmo
428708,5,27,Rainbow (6 Suits),annoyingpi,Dwu123,JYOKOTA,methmatics,room456
422937,4,0,Brown & Prism (5 Suits),Animex52,catula,methmatics,Sucubis
422930,4,28,Dark Prism (6 Suits),Animex52,catula,methmatics,Sucubis
418848,4,25,Pink-Ones (5 Suits),ChristopheAF,MarkusKahlsen,methmatics,Nitrate
418796,3,30,Rainbow & Prism (6 Suits),aquarelle,HelanaAshryvr,methmatics
416937,6,27,Rainbow (6 Suits),colton,Denchulitas,Lanvin,melwen,methmatics,sephiroth
416907,5,0,Duck (6 Suits),Animex52,aquarelle,jack67889,melwen,methmatics
416873,5,0,Duck (6 Suits),Animex52,aquarelle,jack67889,melwen,methmatics
412949,4,19,Rainbow & White (4 Suits),4head,Lanvin,methmatics,Sucubis
412926,4,0,Rainbow & White (4 Suits),4head,Lanvin,methmatics,Sucubis
412913,4,0,Rainbow & White (4 Suits),4head,Lanvin,methmatics,Sucubis
412868,4,30,6 Suits,Dwu123,methmatics,nitawa,Stinkydude63
412828,6,30,6 Suits,cockdestroyer,Dwu123,methmatics,nitawa,Nitrate,XMIL
410813,5,21,No Variant,exfret,jack67889,keeganhess,methmatics,omfret
409825,4,0,Pink (5 Suits),methmatics,nitawa,Nitrate2,Stinkydude63
409821,4,0,Pink (5 Suits),methmatics,nitawa,Nitrate2,Stinkydude63
409811,4,0,Pink (5 Suits),methmatics,nitawa,Nitrate2,Stinkydude63
404983,5,21,No Variant,Dwu123,ejwu,exfret,methmatics,Stinkydude63
404950,3,20,No Variant,Dwu123,exfret,methmatics
404930,3,0,No Variant,Dwu123,exfret,methmatics
404921,3,25,No Variant,Dwu123,exfret,methmatics
404902,2,0,No Variant,exfret,methmatics
402939,2,21,Black (5 Suits),methmatics,Plum
401969,2,27,Brown (6 Suits),methmatics,nitawa
401962,2,0,Brown (6 Suits),methmatics,nitawa
401956,2,0,Brown (6 Suits),methmatics,nitawa
401054,5,28,Black & Dark Omni (6 Suits),boba,Lel0uch,methmatics,sephiroth,Sucubis
401050,3,0,Dark Omni (5 Suits),boba,Lel0uch,methmatics
401048,3,0,Dark Omni (5 Suits),boba,Lel0uch,methmatics
401043,3,0,Dark Omni (5 Suits),boba,Lel0uch,methmatics
398788,5,30,6 Suits,dwu,jamesleng100,JYOKOTA,methmatics,room456
398754,5,0,6 Suits,dwu,jamesleng100,JYOKOTA,methmatics,room456
398675,5,28,Muddy-Rainbow-Ones & Dark Prism (6 Suits),Lel0uch,melwen,methmatics,Pablo-,TimeHoodie
397749,2,25,Pink (5 Suits),methmatics,nitawa
396576,4,30,Dual-Color Mix,indego,Lel0uch,methmatics,Sucubis
396568,4,0,Dual-Color Mix,indego,Lel0uch,methmatics,Sucubis
395283,6,0,Dual-Color (6 Suits),aquarelle,boba,FerKeth,HelanaAshryvr,Lel0uch,methmatics
395263,6,0,Dual-Color (6 Suits),aquarelle,boba,FerKeth,HelanaAshryvr,Lel0uch,methmatics
395192,5,27,Black (6 Suits),aquarelle,boba,Etherealz,methmatics,missyalyssi
394455,5,21,No Variant,indego,louietyj,methmatics,Plum,sephiroth
394433,4,24,No Variant,louietyj,methmatics,Plum,skyblueexo
394423,5,22,No Variant,LamboXD,louietyj,methmatics,Plum,skyblueexo
394415,5,0,Ambiguous Mix,LamboXD,methmatics,Plum,skyblueexo,TimeHoodie
394212,5,0,No Variant,aagarwal_601,dwu,jamesleng100,methmatics,room456
393387,5,24,Deceptive-Fives (5 Suits),catula,indego,jack67889,methmatics,sephiroth
393381,3,25,Deceptive-Ones (5 Suits),catula,jack67889,methmatics
393351,3,23,No Variant,catula,lanxeny,methmatics
393315,5,24,No Variant,catula,katian,lanxeny,methmatics,Wittvector
392259,6,24,No Variant,methmatics,nitawa,Nitrate2,Stinkydude63,whalesgomoo,XMIL
392243,5,0,Black (5 Suits),cockdestroyer,methmatics,nitawa,Nitrate2,XMIL
392222,5,0,Black (5 Suits),cockdestroyer,methmatics,nitawa,Nitrate2,XMIL
392211,5,0,Black (5 Suits),cockdestroyer,methmatics,nitawa,Nitrate2,XMIL
391483,5,0,Duck (6 Suits),Animex52,Lanvin,methmatics,nitawa,sin_faith
391458,5,19,Duck (4 Suits),Animex52,jack67889,Lanvin,methmatics,nitawa
391448,5,0,Duck (4 Suits),Animex52,jack67889,Lanvin,methmatics,nitawa
391436,5,23,Prism Reversed (5 Suits),Animex52,catula,Lanvin,methmatics,nitawa
391120,3,23,Rainbow (5 Suits),aquarelle,boba,methmatics
391049,5,22,No Variant,aagarwal_601,dwu,jamesleng100,methmatics,room456
391017,3,0,6 Suits,jamesleng100,methmatics,room456
390997,5,23,No Variant,dwu,IsabeltheCat,jeff10,methmatics,vEnhance
390225,4,24,No Variant,Daryl,Div,Lel0uch,methmatics
390217,3,27,Gray Pink (6 Suits),boba,Lel0uch,methmatics
388937,5,22,No Variant,antitelharsic,catula,cockdestroyer,methmatics,XMIL
388890,5,0,Special Mix (5 Suits),antitelharsic,cockdestroyer,methmatics,vEnhance,XMIL
388869,5,0,Special Mix (5 Suits),antitelharsic,cockdestroyer,methmatics,vEnhance,XMIL
388816,3,22,Cow & Pig (5 Suits),aquarelle,Lanvin,methmatics
388794,5,0,Duck (5 Suits),aquarelle,boba,HelanaAshryvr,Lanvin,methmatics
387729,3,23,Black (5 Suits),antitelharsic,methmatics,XMIL
387704,3,0,Black (5 Suits),antitelharsic,methmatics,XMIL
386048,5,24,Rainbow & Brown (5 Suits),catula,jack67889,macanek,methmatics,Pablo-
383858,5,29,White (6 Suits),catula,frosty104,indego,Lel0uch,methmatics
382589,5,24,Rainbow (5 Suits),antitelharsic,catula,ejwu,methmatics,XMIL
382564,5,0,Rainbow (5 Suits),antitelharsic,catula,ejwu,methmatics,XMIL
382541,5,0,Black & Rainbow (6 Suits),antitelharsic,catula,ejwu,methmatics,XMIL
382497,5,0,Pink-Ones & Rainbow (5 Suits),antitelharsic,catula,ejwu,methmatics,XMIL
382462,3,0,No Variant,ejwu,methmatics,XMIL
382451,3,0,No Variant,ejwu,methmatics,XMIL
382443,3,0,No Variant,ejwu,methmatics,XMIL
382433,3,25,No Variant,ejwu,methmatics,XMIL
382421,3,0,No Variant,ejwu,methmatics,XMIL
382413,3,0,No Variant,ejwu,methmatics,XMIL
382396,3,22,No Variant,ejwu,methmatics,XMIL
382390,3,0,No Variant,ejwu,methmatics,XMIL
382388,3,0,No Variant,ejwu,methmatics,XMIL
381791,4,25,No Variant,frosty104,Lel0uch,methmatics,StKildaFan
381788,4,25,No Variant,frosty104,Lel0uch,methmatics,StKildaFan
381786,4,25,No Variant,frosty104,Lel0uch,methmatics,StKildaFan
380900,3,30,Rainbow (6 Suits),ChristopheAF,kinkajusrevenge,methmatics
380764,6,0,Ambiguous (6 Suits),Animex52,aquarelle,boba,FerKeth,HelanaAshryvr,methmatics
380753,6,0,Ambiguous (6 Suits),Animex52,aquarelle,boba,FerKeth,HelanaAshryvr,methmatics
378643,4,25,Rainbow (5 Suits),boba,Lel0uch,methmatics,ricardodd
378631,4,0,Rainbow (5 Suits),boba,Lel0uch,methmatics,ricardodd
378625,4,22,Rainbow (5 Suits),boba,Lel0uch,methmatics,ricardodd
378608,4,0,Duck (5 Suits),aquarelle,boba,methmatics,ricardodd
378595,4,0,Duck (5 Suits),aquarelle,boba,methmatics,ricardodd
378591,3,23,Cow & Pig (5 Suits),aquarelle,boba,methmatics
378560,3,0,Cow & Pig (3 Suits),aquarelle,boba,methmatics
377726,4,23,Black (5 Suits),doctorabi,katian,methmatics,Wittvector
377715,4,0,Black (5 Suits),doctorabi,katian,methmatics,Wittvector
377522,4,29,Black (6 Suits),eljavi,IsabeltheCat,methmatics,moeski
377472,4,27,Black (6 Suits),eljavi,IsabeltheCat,methmatics,moeski
376562,6,0,No Variant,annoyingpi,dwu,JYOKOTA,methmatics,RockmanEX3,room456
376549,6,0,No Variant,annoyingpi,dwu,JYOKOTA,methmatics,RockmanEX3,room456
376526,6,23,No Variant,annoyingpi,dwu,JYOKOTA,methmatics,RockmanEX3,room456
376139,6,24,No Variant,aquarelle,filthycovid,JamesG555,methmatics,smeg_sock,YeetusDeletus
376109,6,0,No Variant,aquarelle,filthycovid,JamesG555,methmatics,smeg_sock,YeetusDeletus
376085,6,0,No Variant,aquarelle,filthycovid,JamesG555,methmatics,smeg_sock,YeetusDeletus
376064,5,0,6 Suits,filthycovid,JamesG555,methmatics,smeg_sock,YeetusDeletus
376011,5,0,6 Suits,filthycovid,JamesG555,methmatics,smeg_sock,YeetusDeletus
375974,5,20,6 Suits,filthycovid,JamesG555,methmatics,smeg_sock,YeetusDeletus
375685,2,30,Rainbow (6 Suits),boba,methmatics
373721,5,25,Pink (5 Suits),Animex52,jack67889,methmatics,nitawa,Nitrate2
373710,3,25,Muddy Rainbow & Light Pink (5 Suits),level_17,methmatics,orucsoraihc
373068,2,25,Deceptive-Fives (5 Suits),methmatics,Stinkydude63
373037,2,0,Deceptive-Fives (5 Suits),methmatics,Stinkydude63
373025,2,0,Deceptive-Fives (5 Suits),methmatics,Stinkydude63
373010,2,0,Deceptive-Fives (5 Suits),methmatics,Stinkydude63
371737,5,0,Rainbow & Dark Pink (6 Suits),asaelr,katian,Lel0uch,melwen,methmatics
371734,5,0,Rainbow & Dark Pink (6 Suits),asaelr,katian,Lel0uch,melwen,methmatics
371732,5,0,Rainbow & Dark Pink (6 Suits),asaelr,katian,Lel0uch,melwen,methmatics
370991,4,0,Pink (5 Suits),ejwu,methmatics,Stinkydude63,XMIL
370980,4,0,No Variant,ejwu,methmatics,Stinkydude63,XMIL
370968,4,0,Pink (5 Suits),antitelharsic,methmatics,Stinkydude63,XMIL
370944,4,0,Pink (5 Suits),antitelharsic,methmatics,Stinkydude63,XMIL
370905,5,25,Omni (5 Suits),ChristopheAF,frosty104,HelanaAshryvr,Lel0uch,methmatics
370902,4,0,Omni (5 Suits),ChristopheAF,HelanaAshryvr,Lel0uch,methmatics
370842,5,30,Rainbow & Prism (6 Suits),boba,eevee,katian,Lel0uch,methmatics
370834,4,23,Rainbow & Prism (5 Suits),boba,katian,Lel0uch,methmatics
370777,6,24,No Variant,boba,Etherealz,HelanaAshryvr,katian,Lel0uch,methmatics
370771,6,0,No Variant,boba,Etherealz,HelanaAshryvr,katian,Lel0uch,methmatics
369830,5,30,6 Suits,annoyingpi,dwu,IsabeltheCat,methmatics,room456
369825,5,0,Black (5 Suits),annoyingpi,dwu,IsabeltheCat,methmatics,room456
369823,5,21,Black (5 Suits),annoyingpi,dwu,IsabeltheCat,methmatics,room456
369806,4,0,Dual-Color & Light Pink (6 Suits),doctorabi,methmatics,orucsoraihc,robense
369804,4,0,Dual-Color & Light Pink (6 Suits),doctorabi,methmatics,orucsoraihc,robense
369800,4,0,Dual-Color & Light Pink (6 Suits),doctorabi,methmatics,orucsoraihc,robense
369785,3,0,Dual-Color & Light Pink (6 Suits),methmatics,orucsoraihc,robense
369720,4,0,Cow & Pig (5 Suits),Animex52,dwu,IsabeltheCat,methmatics
368858,3,15,3 Suits,katian,Lel0uch,methmatics
368854,3,0,3 Suits,katian,Lel0uch,methmatics
368852,3,0,3 Suits,katian,Lel0uch,methmatics
368847,3,24,Omni (5 Suits),Lel0uch,methmatics,nitawa
368831,3,0,Omni (5 Suits),Lel0uch,methmatics,nitawa
368803,3,23,White (5 Suits),methmatics,narabio,nitawa
368791,2,23,White (5 Suits),eljavi,methmatics
368767,5,0,White (5 Suits),Animex52,catula,eljavi,Kernel,methmatics
368747,3,0,Rainbow (3 Suits),catula,eljavi,methmatics
368725,3,13,Rainbow (3 Suits),catula,eljavi,methmatics
367799,4,0,Dark Rainbow (5 Suits),jack67889,methmatics,nitawa,XMIL
367780,4,23,Dark Rainbow (5 Suits),jack67889,methmatics,nitawa,XMIL
367751,3,24,Cow & Pig (5 Suits),jack67889,methmatics,nitawa
367736,3,0,Cow & Pig (5 Suits),jack67889,methmatics,nitawa
367722,4,0,Duck (5 Suits),Animex52,catula,methmatics,nitawa
367707,4,0,Duck (5 Suits),Animex52,catula,methmatics,nitawa
367644,3,0,Muddy-Rainbow-Ones & Gray Pink (6 Suits),methmatics,penisman,Stinkydude63
367640,3,0,Muddy-Rainbow-Ones & Gray Pink (6 Suits),methmatics,penisman,Stinkydude63
367633,3,25,Throw It in a Hole (5 Suits),antitelharsic,methmatics,penisman
367619,3,0,Throw It in a Hole (5 Suits),antitelharsic,methmatics,penisman
365849,4,25,Deceptive-Fives (5 Suits),jack67889,MarkusKahlsen,methmatics,penisman
365793,3,0,Deceptive-Fives & Prism (5 Suits),Feich59,Lanvin,methmatics
365641,4,30,Dual-Color & Rainbow (6 Suits),derekcheah,frosty104,methmatics,orucsoraihc
365607,3,30,Dual-Color & Rainbow (6 Suits),frosty104,methmatics,orucsoraihc
365366,4,24,Deceptive-Ones (5 Suits),antitelharsic,methmatics,penisman,XMIL
365330,4,22,Deceptive-Ones (5 Suits),antitelharsic,methmatics,penisman,XMIL
365249,6,0,Rainbow (6 Suits),Animex52,antitelharsic,aquarelle,methmatics,penisman,Stinkydude63
365218,4,0,Rainbow (6 Suits),Animex52,methmatics,penisman,Stinkydude63
365179,4,30,Black (6 Suits),Animex52,aquarelle,methmatics,orucsoraihc
365130,4,0,Rainbow (6 Suits),andre_smaira,Animex52,methmatics,orucsoraihc
364550,3,22,Dark Rainbow (5 Suits),methmatics,nitawa,Sucubis
364547,3,0,Dark Rainbow (5 Suits),methmatics,nitawa,Sucubis
364546,3,0,Dark Rainbow (5 Suits),methmatics,nitawa,Sucubis
364545,3,25,Muddy Rainbow (5 Suits),methmatics,nitawa,Sucubis
364535,6,0,No Variant,frosty104,GemmyBean,katian,methmatics,orucsoraihc,zeinab001
362385,5,0,Rainbow (6 Suits),annoyingpi,asdfjeffrey,JYOKOTA,methmatics,room456
362375,5,29,Black (6 Suits),annoyingpi,asdfjeffrey,JYOKOTA,methmatics,spbsuitmo
362346,4,28,6 Suits,annoyingpi,JYOKOTA,methmatics,spbsuitmo
361812,2,0,No Variant,ada.yukie,methmatics
361811,2,0,No Variant,ada.yukie,methmatics
361521,5,30,Pink (6 Suits),Carunty,Div,frosty104,Lel0uch,methmatics
361518,5,0,Pink (6 Suits),Carunty,Div,frosty104,Lel0uch,methmatics
361513,4,26,Pink & White (6 Suits),Carunty,frosty104,Lel0uch,methmatics
361505,3,0,Light Pink (6 Suits),Animex52,Fey,methmatics
361503,3,0,Light Pink (6 Suits),Animex52,Fey,methmatics
360519,4,23,Cocoa Rainbow (5 Suits),methmatics,nitawa,Nitrate2,Sucubis
360514,5,0,Cocoa Rainbow (5 Suits),catula,methmatics,nitawa,Nitrate2,Sucubis
360513,5,0,Cocoa Rainbow (5 Suits),catula,methmatics,nitawa,Nitrate2,Sucubis
360512,5,0,Cocoa Rainbow (5 Suits),catula,methmatics,nitawa,Nitrate2,Sucubis
360509,4,0,Black & Brown (5 Suits),catula,methmatics,Nitrate2,Sucubis
360505,4,0,Black & Brown (5 Suits),catula,methmatics,Nitrate2,Sucubis
360493,4,23,Cocoa Rainbow (5 Suits),catula,methmatics,nitawa,Sucubis
359786,5,23,Prism (5 Suits),aquarelle,BarneyRubble,katian,Lel0uch,methmatics
359778,3,25,No Variant,methmatics,nitawa,Nitrate2
359770,3,25,Cow & Pig (5 Suits),methmatics,nitawa,Sucubis
359761,3,0,Cow & Pig (5 Suits),methmatics,nitawa,Sucubis
359760,3,0,Cow & Pig (5 Suits),methmatics,nitawa,Sucubis
359759,3,0,Cow & Pig (5 Suits),methmatics,nitawa,Sucubis
359755,3,0,Cow & Pig (5 Suits),methmatics,nitawa,Sucubis
359749,3,0,Cow & Pig (5 Suits),methmatics,nitawa,Sucubis
359744,4,24,Duck (5 Suits),antitelharsic,duckmedic,methmatics,nitawa
357748,5,27,Dark Rainbow (6 Suits),cockdestroyer,methmatics,penisman,sephiroth,Sucubis
357727,4,0,Dark Rainbow (6 Suits),cockdestroyer,methmatics,sephiroth,Sucubis
357723,4,26,Dark Rainbow (6 Suits),cockdestroyer,methmatics,nitawa,sephiroth
357696,4,0,Dark Rainbow (6 Suits),cockdestroyer,methmatics,nitawa,sephiroth
357501,4,25,No Variant,macanek,methmatics,sin_faith,swineherd
357498,4,25,No Variant,Animex52,methmatics,sephiroth,VerySloppyTwo
357497,4,0,No Variant,Animex52,methmatics,sephiroth,VerySloppyTwo
357496,3,0,No Variant,Animex52,methmatics,sephiroth
357495,3,0,No Variant,Animex52,methmatics,sephiroth
356642,4,25,No Variant,Dwu123,methmatics,room456,spbsuitmo
356636,4,25,No Variant,Dwu123,methmatics,room456,spbsuitmo
356633,4,0,No Variant,Dwu123,methmatics,room456,spbsuitmo
355050,6,27,Rainbow & Dark Pink (6 Suits),Carunty,catula,Lel0uch,melwen,methmatics,Sucubis
355046,5,27,Rainbow & Dark Pink (6 Suits),Carunty,Lel0uch,melwen,methmatics,Sucubis
355043,5,19,Pink (4 Suits),Carunty,Lel0uch,methmatics,Nitrate2,Tiramisu1th
354317,4,18,Pink (4 Suits),asaelr,doctorabi,frosty104,methmatics
354308,5,0,Pink & Prism (6 Suits),derekcheah,doctorabi,frosty104,methmatics,Pablo-
354302,5,0,White-Ones (6 Suits),derekcheah,doctorabi,methmatics,Pablo-,VerySloppyTwo
354299,4,0,White-Ones & Black (5 Suits),derekcheah,methmatics,Pablo-,VerySloppyTwo
354294,4,0,White-Ones & Brown (5 Suits),Animex52,cockdestroyer,methmatics,XMIL
354281,4,0,White-Ones & Brown (5 Suits),Animex52,methmatics,Stinkydude63,XMIL
351637,4,25,No Variant,charmander,katian,Lel0uch,methmatics
351632,5,25,No Variant,charmander,katian,methmatics,Pablo-,StKildaFan
351628,3,25,No Variant,Carunty,katian,methmatics
350675,4,25,No Variant,asdfjeffrey,Dwu123,methmatics,room456
350669,4,0,No Variant,Dwu123,methmatics,room456,squashhime
350626,3,0,Prism (4 Suits),HelanaAshryvr,Lel0uch,methmatics
350596,4,11,Brown (3 Suits),catula,ksfortson,methmatics,XMIL
348759,4,24,Brown (5 Suits),methmatics,sephiroth,Stinkydude63,VerySloppyTwo
348743,3,0,Special Mix (5 Suits),methmatics,sephiroth,VerySloppyTwo
346640,3,28,Rainbow-Fives & White (6 Suits),methmatics,Stinkydude63,whalesgomoo
346618,3,24,No Variant,methmatics,penisman,Stinkydude63
346126,5,0,Special Mix (5 Suits),catula,Lel0uch,methmatics,sephiroth,whalesgomoo
344861,5,23,Null-Ones (5 Suits),Animex52,methmatics,nitawa,sephiroth,Stinkydude63
344840,5,22,Null-Ones (5 Suits),Animex52,Carunty,methmatics,nitawa,Stinkydude63
344099,6,0,No Variant,asdfjeffrey,atmchallenge,Dwu123,JYOKOTA,methmatics,room456
344094,6,0,No Variant,asdfjeffrey,atmchallenge,Dwu123,JYOKOTA,methmatics,room456
344084,4,22,No Variant,asdfjeffrey,atmchallenge,Dwu123,methmatics
341453,3,20,Prism (4 Suits),Carunty,doctorabi,methmatics
341440,3,18,Prism (4 Suits),Carunty,doctorabi,methmatics
341415,5,25,No Variant,cockdestroyer,Jar-Of-Smegma,methmatics,Nitrate2,penisman
340291,5,0,Dark Prism (6 Suits),avanderwalde,Kyle,methmatics,timotree,Wittvector
340269,3,0,Dark Prism (6 Suits),avanderwalde,Kyle,methmatics
339957,6,0,Rainbow (5 Suits),BarneyRubble,Carunty,frosty104,Lel0uch,methmatics,StKildaFan
339954,6,24,Rainbow (5 Suits),BarneyRubble,Carunty,frosty104,Lel0uch,methmatics,StKildaFan
339102,6,0,Ambiguous (6 Suits),catula,jack67889,methmatics,Pablo-,sephiroth,Sucubis
339101,6,0,Ambiguous (6 Suits),catula,jack67889,methmatics,Pablo-,sephiroth,Sucubis
339099,5,0,Ambiguous (6 Suits),jack67889,methmatics,Pablo-,sephiroth,Sucubis
339090,3,0,Ambiguous (6 Suits),jack67889,methmatics,Sucubis
339089,3,0,Ambiguous (6 Suits),jack67889,methmatics,Sucubis
339084,3,0,Ambiguous (6 Suits),jack67889,methmatics,Sucubis
339083,3,0,Prism (4 Suits),jack67889,methmatics,Sucubis
338977,5,22,Black (5 Suits),cockdestroyer,methmatics,Nitrate2,penisman,pianoblook
338292,6,0,Dark Rainbow (6 Suits),Animex52,catula,cockdestroyer,methmatics,sephiroth,Sucubis
338290,4,0,Rainbow & White (5 Suits),catula,methmatics,sephiroth,Sucubis
338285,4,0,Rainbow & White (5 Suits),catula,methmatics,sephiroth,Sucubis
338280,4,0,Rainbow & White (5 Suits),catula,methmatics,sephiroth,Sucubis
338278,4,0,Rainbow & White (5 Suits),catula,methmatics,sephiroth,Sucubis
338276,3,0,Light Pink (5 Suits),catula,methmatics,Sucubis
337499,3,25,No Variant,Animex52,catula,methmatics
336643,4,25,No Variant,BarneyRubble,methmatics,penisman,Stinkydude63
334328,5,23,No Variant,Animex52,kodomazer,methmatics,Stinkydude63,whalesgomoo
333164,3,0,Duck (3 Suits),jamesleng100,methmatics,room456
333138,3,0,3 Suits,annoyingpi,methmatics,room456
331074,4,30,Black (6 Suits),cockdestroyer,Fey,methmatics,robense
329151,6,20,Cocoa Rainbow (5 Suits),cockdestroyer,jack67889,kodomazer,methmatics,orucsoraihc,Sucubis
329121,6,25,No Variant,AshleyBridge,Carunty,jack_0f_hearts,Jtjg,methmatics,sin_faith
329108,4,15,3 Suits,Carunty,Jtjg,kodomazer,methmatics
329095,6,29,White (6 Suits),Carunty,cockdestroyer,kodomazer,melwen,methmatics,parrotdoxair
329069,5,19,Black (5 Suits),cockdestroyer,kodomazer,melwen,methmatics,parrotdoxair
327946,5,18,Pink (4 Suits),asaelr,catula,cockdestroyer,methmatics,sephiroth
327927,5,29,Ambiguous (6 Suits),asdfjeffrey,cockdestroyer,Dwu123,methmatics,spbsuitmo
327921,5,25,No Variant,asdfjeffrey,cockdestroyer,Dwu123,methmatics,spbsuitmo
327913,4,0,Omni (6 Suits),asdfjeffrey,Dwu123,methmatics,spbsuitmo
327903,4,30,Rainbow (6 Suits),asdfjeffrey,Dwu123,methmatics,room456
327890,3,0,Rainbow (6 Suits),asdfjeffrey,Dwu123,methmatics
326406,4,0,Black & Dark Prism (6 Suits),Animex52,cockdestroyer,methmatics,Pablo-
326397,3,0,Black & Dark Prism (6 Suits),Animex52,cockdestroyer,methmatics
326389,4,28,Rainbow (6 Suits),cockdestroyer,Dwu123,methmatics,whalesgomoo
326384,4,27,Rainbow (6 Suits),cockdestroyer,Dwu123,methmatics,whalesgomoo
326374,4,0,Rainbow (6 Suits),cockdestroyer,Dwu123,methmatics,whalesgomoo
326071,4,29,Rainbow (6 Suits),methmatics,penisman,Stinkydude63,whalesgomoo
326057,4,0,Rainbow (6 Suits),methmatics,penisman,Stinkydude63,whalesgomoo
326053,3,0,Rainbow (6 Suits),methmatics,Stinkydude63,whalesgomoo
325499,6,20,No Variant,lil_baootey,methmatics,papol,penisman,Stinkydude63,whalesgomoo
324818,3,24,No Variant,cockdestroyer,methmatics,Nitrate2
324804,3,0,No Variant,cockdestroyer,methmatics,Nitrate2
323616,5,23,No Variant,Animex52,methmatics,penisman,Stinkydude63,whalesgomoo
323603,5,22,No Variant,Animex52,methmatics,penisman,Stinkydude63,whalesgomoo
323594,5,0,No Variant,Animex52,methmatics,penisman,Stinkydude63,whalesgomoo
323458,5,30,6 Suits,Animex52,methmatics,penisman,Stinkydude63,whalesgomoo
323435,5,0,6 Suits,Animex52,methmatics,penisman,Stinkydude63,whalesgomoo
322881,4,0,Cocoa Rainbow (6 Suits),asaelr,methmatics,swineherd,TimeHoodie
322879,4,0,Cocoa Rainbow (6 Suits),asaelr,methmatics,swineherd,TimeHoodie
322870,4,24,Pink (5 Suits),catula,methmatics,Sucubis,TimeHoodie
322844,4,0,Prism (6 Suits),annoyingpi,Dwu123,methmatics,room456
322693,5,25,No Variant,Dwu123,JYOKOTA,meclifton,methmatics,room456
322670,4,0,No Variant,Dwu123,meclifton,methmatics,room456
322654,4,0,No Variant,Dwu123,meclifton,methmatics,room456
321491,6,25,No Variant,ebin_noob,jack67889,methmatics,squirtle,Veexliat,Wittvector
321488,4,25,No Variant,ebin_noob,jack67889,methmatics,Wittvector
321486,3,22,No Variant,ebin_noob,jack67889,methmatics
320822,2,25,Pink-Ones & Prism (5 Suits),Animex52,methmatics
320818,2,0,Pink-Ones & Prism (5 Suits),Animex52,methmatics
320817,2,0,Pink-Ones & Prism (5 Suits),Animex52,methmatics
320815,2,15,3 Suits,Animex52,methmatics
320813,4,30,Muddy Rainbow (6 Suits),asaelr,jack67889,methmatics,robense
320807,4,30,Pink (6 Suits),catula,jack67889,methmatics,sephiroth
320167,3,25,Cow & Pig (5 Suits),JYOKOTA,methmatics,spbsuitmo
320163,3,0,Cow & Pig (5 Suits),JYOKOTA,methmatics,spbsuitmo
320157,4,0,Ambiguous (6 Suits),JYOKOTA,methmatics,room456,spbsuitmo
320139,4,0,Ambiguous (6 Suits),JYOKOTA,methmatics,room456,spbsuitmo
320133,4,0,Ambiguous (6 Suits),JYOKOTA,methmatics,room456,spbsuitmo
320131,4,0,Duck (5 Suits),JYOKOTA,methmatics,room456,spbsuitmo
320129,5,23,No Variant,ejwu,Kyle,methmatics,orucsoraihc,StKildaFan
320118,4,0,Prism (5 Suits),Kyle,methmatics,orucsoraihc,StKildaFan
320105,5,0,No Variant,JYOKOTA,lidfeel,methmatics,room456,spbsuitmo
320089,4,0,No Variant,lidfeel,methmatics,room456,spbsuitmo
319696,6,0,No Variant,DiscardiB,emmaparsnip,Gamma_nife,mees,methmatics,tallestben
319685,6,0,No Variant,DiscardiB,emmaparsnip,Gamma_nife,mees,methmatics,tallestben
319677,6,0,No Variant,DiscardiB,emmaparsnip,Gamma_nife,mees,methmatics,tallestben
319671,6,0,No Variant,DiscardiB,emmaparsnip,Gamma_nife,mees,methmatics,tallestben
319431,6,20,4 Suits,Animex52,catula,level_0,level_17,methmatics,StKildaFan
318729,3,30,Prism (6 Suits),Animex52,methmatics,sephiroth
318725,5,22,No Variant,Animex52,cockdestroyer,methmatics,robense,Stinkydude63
318062,2,15,Rainbow (3 Suits),jeffreyasdf,methmatics
318059,2,0,Rainbow (3 Suits),jeffreyasdf,methmatics
318052,4,0,Prism (6 Suits),Dwu123,jeffreyasdf,methmatics,room456
318036,4,0,Prism (6 Suits),Dwu123,jeffreyasdf,methmatics,room456
318025,5,0,Black (5 Suits),catula,cockdestroyer,Cold,methmatics,Sucubis
318023,5,0,Prism (6 Suits),Dwu123,jeffreyasdf,JYOKOTA,methmatics,room456
318014,5,0,Prism (6 Suits),Dwu123,jeffreyasdf,JYOKOTA,methmatics,room456
318010,5,0,Prism (6 Suits),Dwu123,jeffreyasdf,JYOKOTA,methmatics,room456
318005,5,0,No Variant,Dwu123,jeffreyasdf,JYOKOTA,methmatics,room456
317989,6,0,Prism (6 Suits),Dwu123,IsabeltheCat,jeffreyasdf,JYOKOTA,methmatics,room456
317983,6,0,Prism (6 Suits),Dwu123,IsabeltheCat,jeffreyasdf,JYOKOTA,methmatics,room456
317979,6,0,Prism (6 Suits),Dwu123,IsabeltheCat,jeffreyasdf,JYOKOTA,methmatics,room456
317978,6,0,Prism (6 Suits),Dwu123,IsabeltheCat,jeffreyasdf,JYOKOTA,methmatics,room456
317976,5,0,Throw It in a Hole (5 Suits),cockdestroyer,Dwu123,Fey,methmatics,sin_faith
317973,4,25,No Variant,Dwu123,jeffreyasdf,methmatics,room456
315763,4,0,Pink (5 Suits),asaelr,catula,jack67889,methmatics
315759,4,0,Pink (5 Suits),asaelr,catula,jack67889,methmatics
315758,4,0,Pink (5 Suits),asaelr,catula,jack67889,methmatics
315757,5,0,Pink (5 Suits),asaelr,catula,methmatics,pianoblook,sephiroth
315756,6,0,Pink (5 Suits),asaelr,catula,cockdestroyer,methmatics,pianoblook,sephiroth
315755,6,0,Pink (5 Suits),asaelr,catula,cockdestroyer,methmatics,pianoblook,sephiroth
314204,4,25,No Variant,Animex52,cockdestroyer,methmatics,sephiroth
314183,4,29,Rainbow (6 Suits),Animex52,Dwu123,methmatics,Stinkydude63
310956,2,0,3 Suits,Dwu123,methmatics
310951,2,13,3 Suits,Dwu123,methmatics
310949,2,0,3 Suits,Dwu123,methmatics
310948,2,29,6 Suits,Dwu123,methmatics
310378,3,15,Rainbow (3 Suits),asdfjeffrey,methmatics,room456
310374,3,0,Rainbow (3 Suits),asdfjeffrey,methmatics,room456
310373,3,0,Rainbow (3 Suits),asdfjeffrey,methmatics,room456
310371,3,0,No Variant,asdfjeffrey,methmatics,room456
310370,3,0,No Variant,asdfjeffrey,methmatics,room456
310369,3,0,Black (6 Suits),asdfjeffrey,methmatics,room456
310352,3,15,Very Ambiguous (3 Suits),asdfjeffrey,methmatics,room456
310290,3,0,No Variant,ejwu,methmatics,StKildaFan
310276,3,0,No Variant,ejwu,methmatics,StKildaFan
310243,3,24,No Variant,ejwu,methmatics,StKildaFan
310227,2,23,No Variant,ejwu,methmatics
301989,5,0,No Variant,antitelharsic,methmatics,orucsoraihc,timotree,vEnhance
301955,4,0,No Variant,antitelharsic,methmatics,orucsoraihc,timotree
301910,6,0,No Variant,antitelharsic,avanderwalde,emilyzhao,methmatics,orucsoraihc,rkass
301002,3,26,Dark Prism (6 Suits),methmatics,reuzed,st1ngr3y
300974,3,23,Null-Fives & Cocoa Rainbow (5 Suits),methmatics,reuzed,st1ngr3y
300608,6,30,6 Suits,Animex52,antitelharsic,catula,methmatics,orucsoraihc,StKildaFan
300603,6,0,6 Suits,Animex52,antitelharsic,catula,methmatics,orucsoraihc,StKildaFan
300601,3,0,No Variant,Animex52,catula,methmatics
298763,4,30,6 Suits,Animex52,methmatics,Pablo-,rachyrules
298760,2,0,Pink & White (5 Suits),Animex52,methmatics
298758,2,24,Muddy Rainbow & Gray (5 Suits),Animex52,methmatics
298473,4,0,No Variant,jeff10,methmatics,newduke,Pablo-
298456,4,0,No Variant,jeff10,methmatics,newduke,Pablo-
298446,4,21,No Variant,jeff10,methmatics,newduke,Pablo-
298157,3,20,4 Suits,Draconica_,methmatics,xxchipxx
298156,3,14,3 Suits,Draconica_,methmatics,xxchipxx
298153,3,22,No Variant,Draconica_,methmatics,xxchipxx
298151,3,24,No Variant,Draconica_,methmatics,xxchipxx
298149,3,0,No Variant,Draconica_,methmatics,xxchipxx
298137,2,0,White & Dark Rainbow (6 Suits),Animex52,methmatics
298135,2,0,White & Dark Rainbow (6 Suits),Animex52,methmatics
297611,2,0,No Variant,methmatics,ratnam
297422,5,24,No Variant,Animex52,catula,cockdestroyer,methmatics,sephiroth
297418,4,25,No Variant,Animex52,cockdestroyer,methmatics,sephiroth
296638,4,30,White-Fives (6 Suits),annoyingpi,Dwu123,methmatics,spbsuitmo
296623,4,30,6 Suits,annoyingpi,Dwu123,methmatics,spbsuitmo
296563,4,23,No Variant,honobu,methmatics,newduke,penisman
296555,4,25,No Variant,honobu,methmatics,newduke,penisman
296536,6,21,No Variant,Animex52,honobu,methmatics,penisman,Stinkydude63,whalesgomoo
296516,5,23,No Variant,Animex52,methmatics,penisman,Stinkydude63,whalesgomoo
293241,5,0,Dual-Color (6 Suits),annoyingpi,JYOKOTA,methmatics,room456,spbsuitmo
293238,5,0,Ambiguous (6 Suits),annoyingpi,JYOKOTA,methmatics,room456,spbsuitmo
293237,5,0,Black (6 Suits),annoyingpi,JYOKOTA,methmatics,room456,spbsuitmo
293229,5,29,Black (6 Suits),annoyingpi,JYOKOTA,methmatics,room456,spbsuitmo
293225,5,0,Very Ambiguous & Omni (4 Suits),annoyingpi,JYOKOTA,methmatics,room456,spbsuitmo
293221,5,0,Prism (6 Suits),annoyingpi,JYOKOTA,methmatics,room456,spbsuitmo
293218,5,30,Prism (6 Suits),annoyingpi,JYOKOTA,methmatics,room456,spbsuitmo
292935,2,27,Up or Down (6 Suits),IsabeltheCat,methmatics
292918,2,0,Up or Down (6 Suits),IsabeltheCat,methmatics
292910,2,0,Up or Down (6 Suits),IsabeltheCat,methmatics
292904,2,27,Up or Down (6 Suits),IsabeltheCat,methmatics
290644,5,12,3 Suits,annoyingpi,Dwu123,JYOKOTA,methmatics,room456
290641,5,0,3 Suits,annoyingpi,Dwu123,JYOKOTA,methmatics,room456
290638,5,0,3 Suits,annoyingpi,Dwu123,JYOKOTA,methmatics,room456
290636,5,0,3 Suits,annoyingpi,Dwu123,JYOKOTA,methmatics,room456
290634,4,0,Rainbow (3 Suits),annoyingpi,Dwu123,methmatics,room456
290633,4,15,Very Ambiguous (3 Suits),annoyingpi,Dwu123,methmatics,room456
290632,4,0,Very Ambiguous (3 Suits),annoyingpi,Dwu123,methmatics,room456
290630,4,0,Very Ambiguous (3 Suits),annoyingpi,Dwu123,methmatics,room456
290628,4,14,Very Ambiguous (3 Suits),annoyingpi,Dwu123,methmatics,room456
290625,4,0,No Variant,annoyingpi,Dwu123,methmatics,room456
290618,4,0,No Variant,annoyingpi,Dwu123,methmatics,room456
290613,4,30,Prism (6 Suits),annoyingpi,Dwu123,methmatics,room456
290603,4,0,Prism (6 Suits),annoyingpi,Dwu123,methmatics,room456
290600,4,0,Prism (6 Suits),annoyingpi,Dwu123,methmatics,room456
290598,3,29,Rainbow & Prism (6 Suits),Dwu123,JYOKOTA,methmatics
290592,3,0,Rainbow & Prism (6 Suits),Dwu123,JYOKOTA,methmatics
290576,3,0,Rainbow & Prism (6 Suits),Dwu123,JYOKOTA,methmatics
290000,2,25,No Variant,methmatics,nimarezaeian
289989,2,0,No Variant,methmatics,nimarezaeian
289987,2,0,No Variant,methmatics,nimarezaeian
289980,2,0,No Variant,methmatics,nimarezaeian
289970,2,0,No Variant,methmatics,nimarezaeian
288671,3,25,No Variant,frank57,methmatics,room456
288629,6,24,No Variant,andrew314,eunicesukarto,frank57,masonery123,methmatics,room456
288604,6,0,No Variant,andrew314,eunicesukarto,frank57,masonery123,methmatics,room456
287708,6,24,No Variant,Ahming,methmatics,orucsoraihc,parrotdoxair,Rubix,StKildaFan
287686,6,22,No Variant,Ahming,methmatics,orucsoraihc,parrotdoxair,Rubix,StKildaFan
287189,4,22,No Variant,catula,methmatics,sandwichman,StKildaFan
287116,5,0,Prism (6 Suits),annoyingpi,Dwu123,lidfeel,methmatics,room456
287110,5,0,Prism (6 Suits),annoyingpi,Dwu123,lidfeel,methmatics,room456
287100,6,0,Rainbow & Prism (6 Suits),annoyingpi,Dwu123,JYOKOTA,lidfeel,methmatics,room456
287089,6,0,Rainbow & Prism (6 Suits),annoyingpi,Dwu123,JYOKOTA,lidfeel,methmatics,room456
287087,6,0,Rainbow & Prism (6 Suits),annoyingpi,Dwu123,JYOKOTA,lidfeel,methmatics,room456
287082,6,0,Rainbow & Prism (6 Suits),annoyingpi,Dwu123,JYOKOTA,lidfeel,methmatics,room456
287075,6,0,Rainbow & Prism (6 Suits),annoyingpi,Dwu123,JYOKOTA,lidfeel,methmatics,room456
287061,6,27,Rainbow & Prism (6 Suits),annoyingpi,Dwu123,JYOKOTA,lidfeel,methmatics,room456
286049,2,0,Pink & Prism (4 Suits),Dwu123,methmatics
286014,2,0,Pink & Prism (4 Suits),Dwu123,methmatics
286008,2,0,Brown-Fives & White (3 Suits),Dwu123,methmatics
284608,5,0,Prism (6 Suits),annoyingpi,Dwu123,JYOKOTA,lidfeel,methmatics
284596,6,0,Prism (6 Suits),annoyingpi,Dwu123,JYOKOTA,lidfeel,methmatics,room456
284587,5,0,Prism (6 Suits),Dwu123,JYOKOTA,lidfeel,methmatics,room456
284577,5,0,Prism (6 Suits),Dwu123,JYOKOTA,lidfeel,methmatics,room456
284574,5,0,Prism (6 Suits),Dwu123,JYOKOTA,lidfeel,methmatics,room456
284568,5,0,Prism (6 Suits),Dwu123,JYOKOTA,lidfeel,methmatics,room456
284545,5,0,Prism (6 Suits),Dwu123,JYOKOTA,lidfeel,methmatics,room456
284529,5,0,Prism (6 Suits),Dwu123,JYOKOTA,lidfeel,methmatics,room456
284510,5,0,Prism (6 Suits),Dwu123,JYOKOTA,lidfeel,methmatics,room456
284500,5,0,Prism (6 Suits),Dwu123,JYOKOTA,lidfeel,methmatics,room456
284498,5,0,Prism (6 Suits),Dwu123,JYOKOTA,lidfeel,methmatics,room456
284494,5,0,Prism (6 Suits),Dwu123,JYOKOTA,lidfeel,methmatics,room456
284481,4,0,Rainbow (6 Suits),Dwu123,lidfeel,methmatics,room456
284478,4,0,Rainbow (6 Suits),Dwu123,lidfeel,methmatics,room456
284476,5,0,Rainbow (6 Suits),Dwu123,IsabeltheCat,lidfeel,methmatics,room456
284459,5,0,Rainbow (6 Suits),Dwu123,IsabeltheCat,lidfeel,methmatics,room456
284447,4,0,Very Ambiguous (3 Suits),Dwu123,IsabeltheCat,lidfeel,methmatics
284443,5,0,Up or Down (6 Suits),Dwu123,IsabeltheCat,lidfeel,methmatics,room456
284431,6,25,No Variant,Dwu123,IsabeltheCat,jamesleng100,JYOKOTA,lidfeel,methmatics
284399,3,25,No Variant,jamesleng100,meclifton,methmatics
284373,6,0,No Variant,Dwu123,jamesleng100,JYOKOTA,lidfeel,meclifton,methmatics
284359,6,0,No Variant,Dwu123,jamesleng100,JYOKOTA,lidfeel,meclifton,methmatics
284344,5,0,Reversed (5 Suits),Dwu123,JYOKOTA,lidfeel,methmatics,Spade37
281433,4,23,Up or Down (5 Suits),methmatics,Morganlgd,reuzed,st1ngr3y
281398,4,0,Black & Null (6 Suits),methmatics,Morganlgd,reuzed,st1ngr3y
281375,4,28,Black & Null (6 Suits),methmatics,Morganlgd,reuzed,st1ngr3y
281293,4,24,No Variant,methmatics,Morganlgd,reuzed,st1ngr3y
280955,5,0,Pink-Fives (6 Suits),Dwu123,IsabeltheCat,JYOKOTA,methmatics,room456
280942,5,0,Pink-Fives (6 Suits),Dwu123,IsabeltheCat,JYOKOTA,methmatics,room456
280932,5,0,Pink-Fives (6 Suits),Dwu123,IsabeltheCat,JYOKOTA,methmatics,room456
280909,5,0,Pink-Fives (6 Suits),Dwu123,IsabeltheCat,JYOKOTA,methmatics,room456
280884,4,0,Pink-Fives (6 Suits),Dwu123,JYOKOTA,methmatics,room456
280852,4,0,Pink-Fives (6 Suits),Dwu123,JYOKOTA,methmatics,room456
280806,4,30,Pink-Fives (6 Suits),Dwu123,JYOKOTA,methmatics,room456
280776,3,0,Pink-Fives (6 Suits),JYOKOTA,methmatics,room456
278885,4,0,No Variant,joelwool,methmatics,timotree,XMIL
278852,3,25,No Variant,methmatics,mlshea,my_new_fakeNAME
278832,3,0,No Variant,methmatics,mlshea,my_new_fakeNAME
278813,3,0,No Variant,methmatics,mlshea,my_new_fakeNAME
278286,4,25,Reversed (5 Suits),annoyingpi,dwu3,methmatics,room456
278278,4,28,White (6 Suits),annoyingpi,IsabeltheCat,methmatics,room456
278273,4,0,White (6 Suits),annoyingpi,IsabeltheCat,methmatics,room456
278264,6,0,White (6 Suits),annoyingpi,dwu3,IsabeltheCat,JYOKOTA,methmatics,room456
278262,6,0,White (6 Suits),annoyingpi,dwu3,IsabeltheCat,JYOKOTA,methmatics,room456
278256,6,0,White (6 Suits),annoyingpi,dwu3,IsabeltheCat,JYOKOTA,methmatics,room456
278255,6,0,White (6 Suits),annoyingpi,dwu3,IsabeltheCat,JYOKOTA,methmatics,room456
278254,6,0,White (6 Suits),annoyingpi,dwu3,IsabeltheCat,JYOKOTA,methmatics,room456
278253,5,13,Rainbow (3 Suits),annoyingpi,dwu3,IsabeltheCat,JYOKOTA,methmatics
278235,5,0,Rainbow (3 Suits),annoyingpi,dwu3,IsabeltheCat,JYOKOTA,methmatics
278228,5,0,Rainbow (3 Suits),annoyingpi,dwu3,IsabeltheCat,JYOKOTA,methmatics
278218,6,0,Rainbow (3 Suits),annoyingpi,dwu3,IsabeltheCat,JYOKOTA,methmatics,room456
278215,6,13,Rainbow (3 Suits),annoyingpi,dwu3,IsabeltheCat,JYOKOTA,methmatics,room456
278197,6,0,Rainbow (3 Suits),annoyingpi,dwu3,IsabeltheCat,JYOKOTA,methmatics,room456
278170,6,0,Dual-Color (6 Suits),annoyingpi,dwu3,IsabeltheCat,JYOKOTA,methmatics,room456
278144,5,0,Dual-Color (6 Suits),dwu3,IsabeltheCat,JYOKOTA,methmatics,room456
278134,5,0,Dual-Color (6 Suits),dwu3,IsabeltheCat,JYOKOTA,methmatics,room456
278122,6,0,Dual-Color (6 Suits),dwu3,IsabeltheCat,jamesleng100,JYOKOTA,methmatics,room456
278115,6,0,Dual-Color (6 Suits),dwu3,IsabeltheCat,jamesleng100,JYOKOTA,methmatics,room456
278106,6,0,Dual-Color (6 Suits),dwu3,IsabeltheCat,jamesleng100,JYOKOTA,methmatics,room456
278092,6,0,Dual-Color (6 Suits),dwu3,IsabeltheCat,jamesleng100,JYOKOTA,methmatics,room456
274140,4,0,No Variant,methmatics,shreyakannan,snehasridhar,sohum
274136,4,0,No Variant,methmatics,shreyakannan,snehasridhar,sohum
274131,4,0,No Variant,methmatics,shreyakannan,snehasridhar,sohum
273160,3,0,White (6 Suits),methmatics,reyna,Wigglepus
272947,5,0,White (6 Suits),dwu3,IsabeltheCat,JYOKOTA,methmatics,room456
272921,5,0,White (6 Suits),dwu3,IsabeltheCat,JYOKOTA,methmatics,room456
272900,5,30,White (6 Suits),dwu3,IsabeltheCat,JYOKOTA,methmatics,room456
272868,3,24,Brown-Fives & Dark Pink (5 Suits),JYOKOTA,methmatics,room456
272856,3,24,Brown-Fives & Dark Pink (5 Suits),JYOKOTA,methmatics,room456
272455,3,0,No Variant,cute_girl,methmatics,room456
272454,3,0,No Variant,cute_girl,methmatics,room456
272450,3,0,No Variant,cute_girl,methmatics,room456
272447,3,0,Rainbow (6 Suits),cute_girl,methmatics,room456
271452,5,30,6 Suits,dwu3,IsabeltheCat,JYOKOTA,methmatics,room456
271416,5,0,6 Suits,dwu3,IsabeltheCat,JYOKOTA,methmatics,room456
271386,5,0,6 Suits,dwu3,jamesleng100,JYOKOTA,methmatics,room456
271370,5,0,6 Suits,dwu3,jamesleng100,JYOKOTA,methmatics,room456
271359,4,0,6 Suits,dwu3,jamesleng100,JYOKOTA,methmatics
270704,2,0,Clue Starved (6 Suits),methmatics,reuzed
270695,2,0,Null (3 Suits),methmatics,reuzed
270692,2,0,Null (3 Suits),methmatics,reuzed
270690,2,15,Null (3 Suits),methmatics,reuzed
269664,3,0,Black (6 Suits),Draconica_,methmatics,xxchipxx
269661,3,0,Black (6 Suits),Draconica_,methmatics,xxchipxx
269660,3,26,Black (6 Suits),Draconica_,methmatics,xxchipxx
269653,3,0,Light-Pink-Fives & Dark Rainbow (6 Suits),Draconica_,methmatics,xxchipxx
269650,3,0,Light-Pink-Fives & Dark Rainbow (6 Suits),Draconica_,methmatics,xxchipxx
267802,2,28,Black (6 Suits),iloveappi,methmatics
267794,2,0,Black (6 Suits),iloveappi,methmatics
267789,2,25,Black (6 Suits),iloveappi,methmatics
267785,2,0,Black (6 Suits),iloveappi,methmatics
267773,3,21,Black (5 Suits),iloveappi,methmatics,shh
267749,3,18,Black (5 Suits),iloveappi,methmatics,shh
267140,2,24,No Variant,methmatics,rachyrules
267112,2,0,No Variant,methmatics,rachyrules
267059,3,25,White (5 Suits),MarkusKahlsen,methmatics,Wittvector
266123,3,0,No Variant,dwu3,methmatics,room456
266119,3,0,No Variant,dwu3,methmatics,room456
266105,3,0,No Variant,dwu3,methmatics,room456
266103,3,0,No Variant,dwu3,methmatics,room456
266096,3,0,No Variant,dwu3,methmatics,room456
266092,3,0,No Variant,dwu3,methmatics,room456
266075,4,0,No Variant,dwu3,jamesleng100,methmatics,room456
266056,4,0,No Variant,dwu3,jamesleng100,methmatics,room456
266037,4,0,6 Suits,dwu3,jamesleng100,methmatics,spbsuitmo
266018,4,0,6 Suits,dwu3,jamesleng100,methmatics,spbsuitmo
265998,4,0,Black (6 Suits),jamesleng100,kristylee,methmatics,spbsuitmo
265984,4,0,Black (6 Suits),jamesleng100,kristylee,methmatics,spbsuitmo
265968,4,0,Black (6 Suits),jamesleng100,kristylee,methmatics,spbsuitmo
265899,4,29,Rainbow (6 Suits),jamesleng100,kristylee,methmatics,spbsuitmo
265861,3,0,Rainbow (6 Suits),jamesleng100,methmatics,spbsuitmo
265853,2,30,Rainbow (6 Suits),kristylee,methmatics
265840,2,24,No Variant,kristylee,methmatics
264169,2,15,Rainbow (3 Suits),methmatics,reuzed
264162,2,25,Pink (5 Suits),methmatics,reuzed
264159,2,0,Pink (6 Suits),methmatics,reuzed
264154,4,24,No Variant,Fey,methmatics,ramya09,swineherd
264150,4,0,No Variant,Fey,methmatics,rachyrules,ramya09
260396,4,21,Black (5 Suits),iloveappi,methmatics,shh,trickedya
260386,4,20,Black (5 Suits),iloveappi,methmatics,shh,trickedya
260360,5,23,No Variant,iloveappi,methmatics,shh,trickedya,xxchipxx
259585,4,22,No Variant,Animex52,barnheartowl,IsabeltheCat,methmatics
259505,4,25,No Variant,Animex52,barnheartowl,IsabeltheCat,methmatics
259435,4,22,No Variant,Animex52,barnheartowl,IsabeltheCat,methmatics
258914,4,30,6 Suits,dwu3,IsabeltheCat,JYOKOTA,methmatics
258899,4,0,6 Suits,dwu3,IsabeltheCat,JYOKOTA,methmatics
258894,4,0,6 Suits,dwu3,IsabeltheCat,JYOKOTA,methmatics
258889,5,0,6 Suits,annoyingpi,dwu3,IsabeltheCat,JYOKOTA,methmatics
258884,5,0,6 Suits,dwu3,IsabeltheCat,JYOKOTA,methmatics,room456
258883,5,0,6 Suits,dwu3,IsabeltheCat,JYOKOTA,methmatics,room456
258882,5,0,6 Suits,dwu3,IsabeltheCat,JYOKOTA,methmatics,room456
258880,5,0,6 Suits,dwu3,IsabeltheCat,JYOKOTA,methmatics,room456
258877,5,0,Black (6 Suits),dwu3,IsabeltheCat,JYOKOTA,methmatics,room456
258720,4,0,No Variant,methmatics,shilpishah,shreyakannan,sohum
258703,4,0,No Variant,methmatics,shilpishah,shreyakannan,sohum
258687,4,0,No Variant,methmatics,shilpishah,shreyakannan,sohum
258679,4,0,No Variant,methmatics,shilpishah,shreyakannan,sohum
258671,4,0,No Variant,methmatics,shilpishah,shreyakannan,sohum
258655,4,0,Dual-Color (6 Suits),annoyingpi,JYOKOTA,methmatics,room456
258637,4,0,Dual-Color (6 Suits),annoyingpi,JYOKOTA,methmatics,room456
258609,3,0,Ambiguous (6 Suits),JYOKOTA,methmatics,room456
257900,3,0,Dual-Color (6 Suits),antitelharsic,Littleinvad,methmatics
257830,3,24,No Variant,antitelharsic,Littleinvad,methmatics
257771,3,0,No Variant,antitelharsic,Littleinvad,methmatics
257730,3,24,No Variant,antitelharsic,Littleinvad,methmatics
257691,2,21,No Variant,IsabeltheCat,methmatics
257679,2,23,No Variant,IsabeltheCat,methmatics
257652,2,25,No Variant,IsabeltheCat,methmatics
257634,4,21,No Variant,belly,IsabeltheCat,methmatics,nukelauncher
257116,2,25,No Variant,methmatics,reuzed
257107,2,24,No Variant,methmatics,reuzed
256180,4,25,No Variant,8223monocles,crazycoder64,IsabeltheCat,methmatics
256166,4,0,No Variant,8223monocles,crazycoder64,IsabeltheCat,methmatics
256140,5,0,No Variant,8223monocles,cgw,crazycoder64,IsabeltheCat,methmatics
255275,3,24,No Variant,Animex52,methmatics,reuzed
255272,3,23,No Variant,Animex52,methmatics,reuzed
255237,4,0,Black & Rainbow (6 Suits),cdmcfarland,methmatics,MrPenutbutter,west_world
255235,3,24,No Variant,antitelharsic,Bonja97,methmatics
255231,4,0,No Variant,antitelharsic,Bonja97,methmatics,robense
255220,3,26,Black (6 Suits),IsabeltheCat,JerryYang,methmatics
254196,2,0,No Variant,EKMGaem,methmatics
254186,2,25,No Variant,methmatics,nimarezaeian
254182,2,0,No Variant,methmatics,nimarezaeian
254178,2,0,No Variant,methmatics,nimarezaeian
254175,2,0,No Variant,methmatics,nimarezaeian
252422,4,20,4 Suits,IsabeltheCat,methmatics,Morganlgd,reuzed
252410,4,19,4 Suits,IsabeltheCat,methmatics,Morganlgd,reuzed
252395,3,25,No Variant,methmatics,Morganlgd,reuzed
252378,3,25,No Variant,methmatics,Morganlgd,reuzed
252356,3,0,No Variant,methmatics,Morganlgd,reuzed
252323,3,30,Dual-Color (6 Suits),methmatics,Morganlgd,Smith
252297,3,25,No Variant,methmatics,Morganlgd,Smith
252273,4,0,No Variant,imkSushi,methmatics,Morganlgd,Smith
252260,4,25,No Variant,imkSushi,methmatics,Morganlgd,Smith
252207,4,21,No Variant,imkSushi,methmatics,Morganlgd,Smith
252165,3,25,No Variant,imkSushi,methmatics,Morganlgd
252127,4,25,No Variant,DiscardiB,emmaparsnip,imkSushi,methmatics
251738,3,30,6 Suits,Draconica_,methmatics,xxchipxx
251736,3,26,6 Suits,Draconica_,methmatics,xxchipxx
251734,3,26,6 Suits,Draconica_,methmatics,xxchipxx
251731,3,26,Black (6 Suits),Draconica_,methmatics,xxchipxx
251729,3,0,Black (6 Suits),Draconica_,methmatics,xxchipxx
251716,4,0,Dual-Color (6 Suits),annoyingpi,dwu3,IsabeltheCat,methmatics
251702,5,0,Dual-Color (5 Suits),annoyingpi,dwu3,IsabeltheCat,JYOKOTA,methmatics
251684,6,0,No Variant,aagarwal_601,annoyingpi,dwu3,IsabeltheCat,JYOKOTA,methmatics
251662,5,30,6 Suits,aagarwal_601,jamesleng100,JYOKOTA,methmatics,room456
251647,5,0,6 Suits,aagarwal_601,jamesleng100,JYOKOTA,methmatics,room456
251638,5,0,6 Suits,aagarwal_601,jamesleng100,JYOKOTA,methmatics,room456
251633,5,0,6 Suits,aagarwal_601,jamesleng100,JYOKOTA,methmatics,room456
251612,5,30,6 Suits,aagarwal_601,jamesleng100,JYOKOTA,methmatics,room456
251564,5,0,6 Suits,aagarwal_601,jamesleng100,JYOKOTA,methmatics,room456
251532,5,0,6 Suits,aagarwal_601,jamesleng100,JYOKOTA,methmatics,room456
251516,5,0,6 Suits,aagarwal_601,jamesleng100,JYOKOTA,methmatics,room456
251497,5,0,6 Suits,aagarwal_601,jamesleng100,JYOKOTA,methmatics,room456
251472,4,0,6 Suits,aagarwal_601,jamesleng100,JYOKOTA,methmatics
251465,4,0,6 Suits,aagarwal_601,jamesleng100,JYOKOTA,methmatics
251446,6,0,6 Suits,aagarwal_601,dwu3,IsabeltheCat,jamesleng100,JYOKOTA,methmatics
251242,3,30,6 Suits,IsabeltheCat,methmatics,nimarezaeian
249689,2,28,6 Suits,methmatics,xxchipxx
249679,2,0,6 Suits,methmatics,xxchipxx
249676,2,22,6 Suits,methmatics,xxchipxx
249670,2,0,6 Suits,methmatics,xxchipxx
248514,2,30,Rainbow (6 Suits),IsabeltheCat,methmatics
248488,2,0,Rainbow (6 Suits),IsabeltheCat,methmatics
248478,2,25,Rainbow (6 Suits),IsabeltheCat,methmatics
248446,2,27,Rainbow (6 Suits),IsabeltheCat,methmatics
248418,2,0,Rainbow (6 Suits),IsabeltheCat,methmatics
248400,2,28,Rainbow (6 Suits),IsabeltheCat,methmatics
248387,2,0,Rainbow (6 Suits),IsabeltheCat,methmatics
248375,2,0,Rainbow (6 Suits),IsabeltheCat,methmatics
248374,2,28,Rainbow (6 Suits),IsabeltheCat,methmatics
248347,2,0,No Variant,IsabeltheCat,methmatics
248344,2,22,No Variant,IsabeltheCat,methmatics
246969,2,25,No Variant,DrJones,methmatics
246968,2,0,No Variant,DrJones,methmatics
246966,2,0,No Variant,DrJones,methmatics
246965,2,0,No Variant,DrJones,methmatics
246963,2,0,No Variant,DrJones,methmatics
246315,3,0,Cow & Pig (6 Suits),methmatics,Morganlgd,reuzed
246296,3,0,Cow & Pig (6 Suits),methmatics,Morganlgd,reuzed
246286,5,26,Dual-Color (6 Suits),imkSushi,methmatics,Morganlgd,reuzed,Smith
246253,5,12,Null-Ones & Null (3 Suits),imkSushi,methmatics,Morganlgd,reuzed,Smith
246243,5,0,Rainbow (6 Suits),imkSushi,methmatics,Morganlgd,reuzed,Smith
246236,5,23,No Variant,imkSushi,methmatics,Morganlgd,reuzed,Smith
246223,5,0,No Variant,imkSushi,methmatics,Morganlgd,reuzed,Smith
245834,3,22,No Variant,antitelharsic,methmatics,xxchipxx
245828,4,0,No Variant,antitelharsic,methmatics,Pablo-,xxchipxx
245827,4,25,No Variant,antitelharsic,methmatics,Pablo-,xxchipxx
245824,4,0,No Variant,antitelharsic,methmatics,Pablo-,xxchipxx
245822,2,0,No Variant,methmatics,xxchipxx
245821,2,0,No Variant,methmatics,xxchipxx
245820,2,0,No Variant,methmatics,xxchipxx
245819,2,0,No Variant,methmatics,xxchipxx
245818,2,0,No Variant,methmatics,xxchipxx
245817,2,0,No Variant,methmatics,xxchipxx
245815,2,0,No Variant,methmatics,xxchipxx
245810,2,20,No Variant,methmatics,xxchipxx
245804,2,25,No Variant,methmatics,xxchipxx
244933,3,0,No Variant,erialC,methmatics,Pablo-
244923,3,24,No Variant,erialC,methmatics,Pablo-
244917,2,23,No Variant,methmatics,Pablo-
244915,2,0,No Variant,methmatics,Pablo-
244846,5,0,No Variant,annoyingpi,jamesleng,JYOKOTA,methmatics,spbsuitmo
244833,5,25,No Variant,Dwu123,jamesleng,JYOKOTA,methmatics,spbsuitmo
244788,5,0,No Variant,Dwu123,jamesleng,JYOKOTA,methmatics,spbsuitmo
244752,4,0,No Variant,Dwu123,jamesleng,methmatics,spbsuitmo
244689,5,0,No Variant,Dwu123,IsabeltheCat,jamesleng,methmatics,spbsuitmo
244624,4,0,Rainbow (6 Suits),Dwu123,IsabeltheCat,jamesleng,methmatics
244611,4,0,Rainbow (6 Suits),Dwu123,IsabeltheCat,jamesleng,methmatics
244563,5,0,Ambiguous (6 Suits),Dwu123,IsabeltheCat,jamesleng,methmatics,room456
244326,5,30,6 Suits,imkSushi,methmatics,Morganlgd,reuzed,st1ngr3y
244286,5,30,6 Suits,imkSushi,methmatics,Morganlgd,reuzed,st1ngr3y
244264,4,0,Null-Fives (5 Suits),imkSushi,methmatics,reuzed,st1ngr3y
244259,3,23,No Variant,imkSushi,methmatics,reuzed
242535,5,0,Ambiguous (6 Suits),annoyingpi,Dwu123,methmatics,room456,spbsuitmo
242495,4,0,Ambiguous (6 Suits),annoyingpi,Dwu123,JYOKOTA,methmatics
242484,4,0,Ambiguous (6 Suits),annoyingpi,Dwu123,JYOKOTA,methmatics
242482,4,0,Ambiguous (4 Suits),annoyingpi,Dwu123,methmatics,room456
242479,4,0,Ambiguous (4 Suits),annoyingpi,Dwu123,methmatics,room456
242463,4,0,Ambiguous (4 Suits),annoyingpi,Dwu123,methmatics,room456
242436,4,0,Ambiguous (4 Suits),annoyingpi,Dwu123,methmatics,room456
242427,4,0,Ambiguous (4 Suits),annoyingpi,Dwu123,methmatics,room456
242341,2,22,No Variant,methmatics,Morganlgd
242322,2,0,Null-Fives & Light Pink (6 Suits),methmatics,Morganlgd
242297,2,0,Null-Fives & Light Pink (6 Suits),methmatics,Morganlgd
242279,2,22,Brown & Gray (6 Suits),methmatics,Morganlgd
242255,2,27,Dual-Color (6 Suits),methmatics,Morganlgd
242231,2,0,Dual-Color (6 Suits),methmatics,Morganlgd
242206,2,24,Dual-Color (5 Suits),methmatics,Morganlgd
242190,2,0,Dual-Color (5 Suits),methmatics,Morganlgd
242189,2,19,Dual-Color (5 Suits),methmatics,Morganlgd
242171,2,30,Rainbow (6 Suits),methmatics,Morganlgd
242156,2,0,Rainbow (6 Suits),methmatics,Morganlgd
242115,6,24,No Variant,imkSushi,methmatics,Morganlgd,reuzed,Smith,st1ngr3y
242078,6,24,No Variant,imkSushi,methmatics,Morganlgd,reuzed,Smith,st1ngr3y
242043,6,0,No Variant,imkSushi,methmatics,Morganlgd,reuzed,Smith,st1ngr3y
239723,5,24,No Variant,imkSushi,methmatics,Morganlgd,reuzed,st1ngr3y
239655,5,22,No Variant,imkSushi,methmatics,Morganlgd,reuzed,st1ngr3y
239600,5,0,No Variant,imkSushi,methmatics,Morganlgd,reuzed,st1ngr3y
239539,5,23,No Variant,imkSushi,methmatics,Morganlgd,reuzed,st1ngr3y
239486,5,23,No Variant,imkSushi,methmatics,Morganlgd,reuzed,st1ngr3y
239428,5,21,No Variant,imkSushi,methmatics,Morganlgd,reuzed,st1ngr3y
238202,2,28,Rainbow (6 Suits),antitelharsic,methmatics
238200,2,25,No Variant,antitelharsic,methmatics
238199,2,21,No Variant,antitelharsic,methmatics
238198,2,23,No Variant,antitelharsic,methmatics
238196,2,0,No Variant,antitelharsic,methmatics
238187,2,23,No Variant,antitelharsic,methmatics
238178,3,20,No Variant,Draconica_,methmatics,xxchipxx
238175,3,25,No Variant,Draconica_,methmatics,xxchipxx
238174,3,0,No Variant,Draconica_,methmatics,xxchipxx
238172,3,22,No Variant,Draconica_,methmatics,xxchipxx
238161,3,23,No Variant,Draconica_,methmatics,xxchipxx
237763,3,19,No Variant,imu_96,methmatics,Pandaryn
237701,5,23,No Variant,acorso,emmafifi,methmatics,sbane,st3v
237277,5,0,Rainbow (6 Suits),annoyingpi,Dwu123,JYOKOTA,methmatics,room456
237265,5,27,Rainbow (6 Suits),annoyingpi,Dwu123,JYOKOTA,methmatics,room456
237238,5,0,Rainbow (6 Suits),annoyingpi,Dwu123,JYOKOTA,methmatics,room456
237229,5,0,Ambiguous (4 Suits),annoyingpi,Dwu123,JYOKOTA,methmatics,room456
237226,4,0,Ambiguous (4 Suits),Dwu123,JYOKOTA,methmatics,room456
237217,4,19,Ambiguous (4 Suits),Dwu123,JYOKOTA,methmatics,room456
237200,4,18,Ambiguous (4 Suits),Dwu123,JYOKOTA,methmatics,room456
237160,5,30,6 Suits,Dwu123,jamesleng,JYOKOTA,methmatics,room456
237115,5,0,6 Suits,Dwu123,jamesleng,JYOKOTA,methmatics,room456
237078,5,27,6 Suits,Dwu123,jamesleng,JYOKOTA,methmatics,room456
237037,5,0,6 Suits,Dwu123,jamesleng,JYOKOTA,methmatics,room456
237022,5,0,6 Suits,Dwu123,jamesleng,JYOKOTA,methmatics,room456
231147,4,24,No Variant,antitelharsic,joycheng,methmatics,serene
231145,6,21,No Variant,antitelharsic,charitycheng,evatseng,joycheng,methmatics,serene
230080,4,25,No Variant,IsabeltheCat,methmatics,room456,spbsuitmo
230074,4,0,No Variant,IsabeltheCat,methmatics,room456,spbsuitmo
230069,4,0,No Variant,IsabeltheCat,methmatics,room456,spbsuitmo
230067,4,0,No Variant,IsabeltheCat,methmatics,room456,spbsuitmo
230064,4,23,No Variant,IsabeltheCat,methmatics,room456,spbsuitmo
230053,4,24,No Variant,IsabeltheCat,methmatics,room456,spbsuitmo
230043,3,0,No Variant,methmatics,room456,spbsuitmo
230039,4,0,6 Suits,kristylee,methmatics,room456,spbsuitmo
230025,4,29,6 Suits,kristylee,methmatics,room456,spbsuitmo
230002,4,0,6 Suits,kristylee,methmatics,room456,spbsuitmo
229990,4,0,6 Suits,kristylee,methmatics,room456,spbsuitmo
229941,4,0,6 Suits,kristylee,methmatics,room456,spbsuitmo
229913,4,0,6 Suits,kristylee,methmatics,room456,spbsuitmo
229897,2,25,6 Suits,kristylee,methmatics
229061,6,0,6 Suits,aagarwal_601,annoyingpi,Dwu123,JYOKOTA,methmatics,room456
229057,6,0,6 Suits,aagarwal_601,annoyingpi,Dwu123,JYOKOTA,methmatics,room456
229054,6,0,6 Suits,aagarwal_601,annoyingpi,Dwu123,JYOKOTA,methmatics,room456
229042,4,30,6 Suits,Dwu123,IsabeltheCat,methmatics,spbsuitmo
229026,4,0,6 Suits,Dwu123,IsabeltheCat,methmatics,spbsuitmo
229019,4,0,6 Suits,Dwu123,IsabeltheCat,methmatics,spbsuitmo
229013,4,0,6 Suits,Dwu123,IsabeltheCat,methmatics,spbsuitmo
229007,4,0,6 Suits,Dwu123,IsabeltheCat,methmatics,spbsuitmo
228987,5,0,No Variant,Dwu123,IsabeltheCat,jamesleng,methmatics,spbsuitmo
228942,4,0,No Variant,IsabeltheCat,jamesleng,methmatics,spbsuitmo
228908,4,25,No Variant,IsabeltheCat,jamesleng,methmatics,spbsuitmo
228871,4,25,No Variant,IsabeltheCat,jamesleng,methmatics,spbsuitmo
228842,4,0,No Variant,IsabeltheCat,jamesleng,methmatics,spbsuitmo
226659,2,29,Rainbow (6 Suits),methmatics,srip
226656,2,25,No Variant,methmatics,srip
226654,2,0,Rainbow (6 Suits),methmatics,srip
226649,2,0,Rainbow (6 Suits),methmatics,srip
226646,2,0,Black (6 Suits),methmatics,srip
226602,5,19,No Variant,Abigail,adeli,kalinrooney11,KelsJo,methmatics
226591,4,0,No Variant,adeli,kalinrooney11,KelsJo,methmatics
224432,6,21,No Variant,bowtiebirdo,emmaparsnip,Gamma_nife,jb2221,methmatics,UnableTugBoat
224425,6,0,No Variant,bowtiebirdo,emmaparsnip,Gamma_nife,jb2221,methmatics,UnableTugBoat
224418,5,0,No Variant,bowtiebirdo,emmaparsnip,Gamma_nife,methmatics,UnableTugBoat
221765,4,25,No Variant,kristylee,methmatics,room456,spbsuitmo
221739,4,25,No Variant,kristylee,methmatics,room456,spbsuitmo
221716,4,25,No Variant,kristylee,methmatics,room456,spbsuitmo
221664,4,24,No Variant,kristylee,methmatics,room456,spbsuitmo
221585,4,0,No Variant,kristylee,methmatics,room456,spbsuitmo
221567,4,23,No Variant,kristylee,methmatics,room456,spbsuitmo
221543,6,0,No Variant,aagarwal_601,dwu3,jamesleng,kristylee,methmatics,room456
221541,6,0,No Variant,aagarwal_601,dwu3,jamesleng,kristylee,methmatics,room456
214716,2,23,Rainbow (5 Suits),kristylee,methmatics
214696,2,0,Rainbow (5 Suits),kristylee,methmatics
214676,2,25,Rainbow (5 Suits),kristylee,methmatics
214643,2,0,Totally Blind (5 Suits),kristylee,methmatics
214639,2,0,Totally Blind (5 Suits),kristylee,methmatics
214630,2,0,Totally Blind (5 Suits),kristylee,methmatics
214623,2,25,No Variant,kristylee,methmatics
214609,2,25,No Variant,kristylee,methmatics
214593,2,23,No Variant,kristylee,methmatics
214584,2,0,No Variant,kristylee,methmatics
213966,3,0,No Variant,dwu3,methmatics,room456
213957,3,0,No Variant,dwu3,methmatics,room456
213949,3,25,No Variant,dwu3,methmatics,room456
213936,3,25,No Variant,dwu3,methmatics,room456
213922,3,0,No Variant,dwu3,methmatics,room456
213906,4,22,No Variant,BMTSOCIAL,dwu3,methmatics,room456
213887,4,0,No Variant,BMTSOCIAL,dwu3,methmatics,room456
211566,3,23,No Variant,cam,methmatics,wikkiden
209490,4,25,No Variant,Chethaaan,dwu3,IsabeltheCat,methmatics
209482,4,23,No Variant,Chethaaan,dwu3,IsabeltheCat,methmatics
209464,4,23,No Variant,cab16021,Chethaaan,methmatics,tumblestick
209433,4,0,No Variant,cab16021,Chethaaan,methmatics,tumblestick
209416,3,0,No Variant,cab16021,methmatics,tumblestick
209415,3,0,No Variant,cab16021,methmatics,tumblestick
208566,2,20,No Variant,methmatics,tumblestick
208562,2,0,No Variant,methmatics,tumblestick
208561,2,0,No Variant,methmatics,tumblestick
208557,2,0,No Variant,methmatics,tumblestick
208544,2,0,No Variant,methmatics,tumblestick
208064,5,0,No Variant,Alex319,melwen,methmatics,newduke,Nitrate2
208050,5,0,No Variant,Alex319,melwen,methmatics,newduke,Nitrate2
207979,3,24,No Variant,melwen,methmatics,padi
207942,3,0,No Variant,melwen,methmatics,padi
207925,3,24,No Variant,melwen,methmatics,padi
206090,4,0,No Variant,aagarwal_601,BMTSOCIAL,methmatics,room456
206083,4,25,No Variant,aagarwal_601,BMTSOCIAL,methmatics,room456
206034,4,24,No Variant,aagarwal_601,BMTSOCIAL,methmatics,room456
205991,4,24,No Variant,aagarwal_601,BMTSOCIAL,methmatics,room456
205953,4,0,No Variant,aagarwal_601,bmt2,BMTSOCIAL,methmatics
205934,4,0,No Variant,aagarwal_601,bmt2,BMTSOCIAL,methmatics
205897,3,0,No Variant,aagarwal_601,BMTSOCIAL,methmatics
188971,6,21,No Variant,annoyingpi,BMTSOCIAL,IsabeltheCat,mathlobster,methmatics,room456
188934,6,0,No Variant,annoyingpi,BMTSOCIAL,IsabeltheCat,mathlobster,methmatics,room456
188909,6,0,No Variant,annoyingpi,BMTSOCIAL,IsabeltheCat,mathlobster,methmatics,room456
188848,6,0,No Variant,annoyingpi,BMTSOCIAL,IsabeltheCat,mathlobster,methmatics,room456
188807,6,21,No Variant,annoyingpi,BMTSOCIAL,IsabeltheCat,mathlobster,methmatics,room456