553330,3,24,Omni (5 Suits),hakha3,padi,scharkbite
553302,3,25,Omni (5 Suits),hakha3,padi,scharkbite
553292,3,0,Omni (5 Suits),hakha3,padi,scharkbite
553283,3,0,Omni (5 Suits),hakha3,padi,scharkbite
553266,3,23,Omni (5 Suits),hakha3,padi,scharkbite
553220,3,0,Omni (5 Suits),hakha3,padi,scharkbite
548502,4,0,No Variant,jatloe,padi,rz,timotree
548498,4,0,No Variant,jatloe,padi,rz,timotree
548497,4,25,No Variant,jatloe,padi,rz,timotree
548494,4,0,No Variant,jatloe,padi,rz,timotree
548493,4,0,No Variant,jatloe,padi,rz,timotree
548492,4,0,No Variant,jatloe,padi,rz,timotree
548490,4,0,No Variant,jatloe,padi,rz,timotree
547827,3,0,Omni (5 Suits),hakha3,padi,scharkbite
547784,3,25,Omni (5 Suits),hakha3,padi,scharkbite
547737,3,25,Omni (5 Suits),hakha3,padi,scharkbite
547686,3,25,Omni (5 Suits),hakha3,padi,scharkbite
547633,3,0,Omni (5 Suits),hakha3,padi,scharkbite
547585,3,25,Omni (5 Suits),hakha3,padi,scharkbite
547555,3,24,Omni (5 Suits),hakha3,padi,scharkbite
546851,3,0,Omni (5 Suits),hakha3,padi,scharkbite
546823,3,24,Omni (5 Suits),hakha3,padi,scharkbite
546801,3,0,Omni (5 Suits),hakha3,padi,scharkbite
546780,3,25,Omni (5 Suits),hakha3,padi,scharkbite
545758,3,25,Omni (5 Suits),hakha3,padi,scharkbite
545735,3,25,Omni (5 Suits),hakha3,padi,scharkbite
544871,3,24,Omni (5 Suits),hakha3,padi,scharkbite
544856,3,23,Omni (5 Suits),hakha3,padi,scharkbite
544838,3,0,Omni (5 Suits),hakha3,padi,scharkbite
544821,3,25,Omni (5 Suits),hakha3,padi,scharkbite
544801,3,23,Omni (5 Suits),hakha3,padi,scharkbite
544784,3,0,Omni (5 Suits),hakha3,padi,scharkbite
544762,3,25,Omni (5 Suits),hakha3,padi,scharkbite
544741,3,0,Omni (5 Suits),hakha3,padi,scharkbite
535676,5,23,White-Fives & Brown (5 Suits),ChristopheAF,Fey,padi,rz,Spieler42
535665,5,26,Gray (6 Suits),Fey,padi,qqqq,rz,Spieler42
535657,3,23,Dark Rainbow (5 Suits),Fey,padi,rz
535151,3,25,No Variant,ADrone,jaypeg,padi
535132,3,24,No Variant,ADrone,jaypeg,padi
534787,4,26,Muddy-Rainbow-Fives & Dark Brown (6 Suits),Fey,Lanvin,Lel0uch,padi
534774,4,0,Muddy-Rainbow-Fives & Dark Brown (6 Suits),Fey,Lanvin,Lel0uch,padi
534772,5,0,Throw It in a Hole (6 Suits),Fey,indegoo,Lanvin,padi,rz
534203,4,24,No Variant,DarthGandalf,deepberi,Durandal,padi
534170,4,21,No Variant,DarthGandalf,deepberi,Durandal,padi
531982,4,0,Extremely Ambiguous (6 Suits),dobi,HelanaAshryvr,Lanvin,padi
531929,4,0,Extremely Ambiguous (6 Suits),dobi,HelanaAshryvr,Lanvin,padi
531910,4,30,White-Ones & Gray (6 Suits),dobi,HelanaAshryvr,Lanvin,padi
531896,4,30,Black Reversed (6 Suits),dobi,HelanaAshryvr,Lanvin,padi
531891,5,0,Up or Down (6 Suits),dobi,HelanaAshryvr,Lanvin,padi,scharkbite
531049,4,24,No Variant,asaelr,DarthGandalf,jatloe,padi
531027,3,0,No Variant,asaelr,jatloe,padi
531024,3,0,No Variant,asaelr,jatloe,padi
531021,3,0,No Variant,asaelr,jatloe,padi
531020,3,0,No Variant,asaelr,jatloe,padi
531018,3,0,No Variant,asaelr,jatloe,padi
531014,3,0,No Variant,asaelr,jatloe,padi
531011,3,0,No Variant,asaelr,jatloe,padi
531009,3,0,No Variant,asaelr,jatloe,padi
527041,5,30,Prism Reversed (6 Suits),bjnh,Fey,Lanvin,padi,torp
527026,3,19,Rainbow Reversed (4 Suits),dobi,Fey,padi
527012,3,27,Gray (6 Suits),dobi,Fey,padi
523147,5,30,Rainbow & Light Pink (6 Suits),Fafrd,kevincaseytdk1,MangoPie,padi,wump
488304,3,0,Up or Down & Muddy Rainbow (6 Suits),Kyle,MangoPie,padi
485430,2,25,Dark Prism Reversed (5 Suits),Kyle,padi
485429,2,0,Dark Prism Reversed (5 Suits),Kyle,padi
485426,2,22,Dark Prism Reversed (5 Suits),Kyle,padi
485422,2,0,Dark Prism Reversed (5 Suits),Kyle,padi
485417,2,0,Dark Prism Reversed (5 Suits),Kyle,padi
485411,2,0,Dark Prism Reversed (5 Suits),Kyle,padi
485406,2,25,Dark Rainbow Reversed (5 Suits),Kyle,padi
485405,2,0,Dark Rainbow Reversed (5 Suits),Kyle,padi
480168,2,23,Gray Reversed (5 Suits),Kyle,padi
480159,2,0,Gray Reversed (5 Suits),Kyle,padi
480158,2,0,Gray Reversed (5 Suits),Kyle,padi
480155,2,0,Gray Reversed (5 Suits),Kyle,padi
480151,2,23,Gray Reversed (5 Suits),Kyle,padi
480147,2,0,Gray Reversed (5 Suits),Kyle,padi
480143,2,0,Gray Reversed (5 Suits),Kyle,padi
480139,2,0,Gray Reversed (5 Suits),Kyle,padi
480138,2,0,Gray Reversed (5 Suits),Kyle,padi
480137,2,0,Gray Reversed (5 Suits),Kyle,padi
480134,2,0,Gray Reversed (5 Suits),Kyle,padi
480132,2,20,Rainbow Reversed (4 Suits),Kyle,padi
480131,2,0,Rainbow Reversed (4 Suits),Kyle,padi
480130,2,20,Reversed (4 Suits),Kyle,padi
480127,2,0,Reversed (4 Suits),Kyle,padi
477984,3,23,Up or Down & Muddy Rainbow (5 Suits),jeff10,Kyle,padi
477979,2,30,Up or Down & Null (6 Suits),Kyle,padi
477973,2,0,Up or Down & Null (6 Suits),Kyle,padi
477971,2,0,Up or Down & Null (6 Suits),Kyle,padi
472956,5,0,Clue Starved & Pink (6 Suits),jack67889,kevincaseytdk1,Lanvin,MarkusKahlsen,padi
472919,5,29,Clue Starved & Pink (6 Suits),jack67889,kevincaseytdk1,Lanvin,MarkusKahlsen,padi
472655,3,23,Up or Down & White (5 Suits),padi,sephiroth,VerySloppyTwo
472580,4,24,White-Ones & White (5 Suits),indego,Lanvin,padi,VerySloppyTwo
471975,3,23,No Variant,Damian000,padi,wolfpack
471514,3,29,Brown-Ones & Rainbow (6 Suits),colton,Lanvin,padi
471433,5,0,Rainbow & White (5 Suits),CaitlinSmith,ChristopheAF,Lanvin,padi,possum
470940,4,30,White-Ones & Prism (6 Suits),corys,padi,possum,xor
470918,4,0,White-Ones & Prism (6 Suits),corys,Onen,padi,xor
466150,4,0,Rainbow & Cocoa Rainbow (6 Suits),ChristopheAF,Lanvin,melwen,padi
466136,5,0,Special Mix (5 Suits),ChristopheAF,HelanaAshryvr,Lanvin,melwen,padi
466127,5,0,Special Mix (5 Suits),ChristopheAF,HelanaAshryvr,Lanvin,melwen,padi
465113,3,25,Pink & Muddy Rainbow (5 Suits),asaelr,ChristopheAF,padi
465103,3,0,Pink & Muddy Rainbow (5 Suits),asaelr,ChristopheAF,padi
465092,3,0,Pink & Muddy Rainbow (5 Suits),asaelr,ChristopheAF,padi
464150,5,30,Null (6 Suits),Bonja97,melwen,padi,rz,Zamiel
464130,5,0,Null (6 Suits),Bonja97,melwen,padi,rz,Zamiel
464102,4,0,Gray Pink (5 Suits),micerang,padi,rz,Zamiel
464058,3,0,Gray Pink (5 Suits),padi,rz,Zamiel
464035,4,25,Dark Pink (5 Suits),ChristopheAF,padi,rz,Zamiel
461866,5,21,Dark Brown (5 Suits),Bot-Fiora,ChristopheAF,newduke,padi,robense
461816,5,0,Dark Brown (5 Suits),Bot-Fiora,ChristopheAF,newduke,padi,robense
461438,3,25,No Variant,eliclax,padi,sjdrodge
461429,3,25,No Variant,eliclax,padi,sjdrodge
461421,3,0,No Variant,eliclax,padi,sjdrodge
459709,6,0,Ambiguous & Brown (5 Suits),BraydonM,griff77,louietyj,newduke,padi,possum
459657,5,20,Muddy-Rainbow-Ones (4 Suits),BraydonM,louietyj,newduke,padi,qqqq
459646,5,0,Muddy-Rainbow-Ones (4 Suits),BraydonM,louietyj,newduke,padi,qqqq
459632,5,0,Muddy-Rainbow-Ones (4 Suits),BraydonM,louietyj,newduke,padi,qqqq
453748,4,22,Special Mix (5 Suits),ChristopheAF,jeff10,padi,scharkbite
453734,4,0,Special Mix (5 Suits),ChristopheAF,jeff10,padi,scharkbite
451710,4,23,Brown (5 Suits),4head,bjnh,padi,torp
451675,3,24,Pink & Prism (5 Suits),4head,padi,torp
451634,4,0,Pink & Prism (5 Suits),4head,padi,robense,torp
451604,4,0,Pink & Prism (5 Suits),4head,padi,robense,torp
449993,4,0,Rainbow-Ones & White (3 Suits),Kernel,MangoPie,newduke,padi
439705,5,16,Prism (4 Suits),griff77,kopen,padi,poofart123,Stormylu
439669,5,0,Prism (4 Suits),griff77,kopen,padi,poofart123,Stormylu
439650,6,0,Prism (5 Suits),4head,Bot-Fiora,griff77,ksfortson,nwajfromoz,padi
439476,5,20,No Variant,Denchulitas,HumbleDumble,padi,sephiroth,TimeHoodie
439441,6,23,No Variant,4head,Denchulitas,HumbleDumble,padi,sephiroth,torp
439410,6,0,No Variant,4head,Denchulitas,HumbleDumble,padi,sephiroth,torp
439364,6,23,No Variant,4head,Denchulitas,HumbleDumble,padi,sephiroth,VerySloppyTwo
437673,3,30,Rainbow (6 Suits),kinkajusrevenge,mestrepoke,padi
437576,4,0,Prism (6 Suits),Denchulitas,nkkarpov,padi,sephiroth
436181,3,0,Rainbow & Muddy Rainbow (6 Suits),asaelr,padi,ricardodd
436168,3,0,Rainbow & Muddy Rainbow (6 Suits),asaelr,padi,ricardodd
436151,3,0,Rainbow & Muddy Rainbow (6 Suits),asaelr,padi,ricardodd
436132,3,28,Rainbow & Muddy Rainbow (6 Suits),asaelr,padi,ricardodd
436121,3,0,Rainbow & Muddy Rainbow (6 Suits),asaelr,padi,ricardodd
431237,3,25,No Variant,HariKrishnan,macanek,padi
428392,5,30,White (6 Suits),Denchulitas,indego,Lanvin,padi,rz
428365,3,23,Light-Pink-Fives & Dark Pink (5 Suits),Lanvin,MarkusKahlsen,padi
428341,4,0,Omni-Ones & Black (6 Suits),Doge,Lanvin,MarkusKahlsen,padi
428295,3,0,Omni-Ones & Black (6 Suits),Doge,Lanvin,padi
423308,4,23,Pink & White (5 Suits),CaitlinSmith,ksfortson,newduke,padi
423261,4,0,Pink & White (5 Suits),CaitlinSmith,ksfortson,newduke,padi
423246,5,0,Black (5 Suits),CaitlinSmith,eljavi,ksfortson,newduke,padi
423236,5,0,Black (5 Suits),CaitlinSmith,eljavi,ksfortson,newduke,padi
423217,5,22,Black (5 Suits),CaitlinSmith,eljavi,ksfortson,newduke,padi
422587,5,0,Rainbow & Muddy Rainbow (5 Suits),dobi,kimbifille,melwen,padi,Zamiel
422566,4,0,Pink & Cocoa Rainbow (5 Suits),dobi,kimbifille,padi,Zamiel
422560,4,0,Pink & Cocoa Rainbow (5 Suits),dobi,kimbifille,padi,Zamiel
422555,3,0,Pink & Cocoa Rainbow (5 Suits),kimbifille,padi,Zamiel
422547,3,0,Pink & Cocoa Rainbow (5 Suits),kimbifille,padi,Zamiel
422535,3,0,Pink & Null (3 Suits),kimbifille,padi,Zamiel
419534,6,30,Black & Pink (6 Suits),dobi,indego,Lel0uch,melwen,padi,scharkbite
419484,3,0,Rainbow & Gray (5 Suits),dobi,melwen,padi
407904,3,20,White (4 Suits),Daryl,padi,rachyrules
407876,2,25,No Variant,padi,rachyrules
407871,2,0,No Variant,padi,rachyrules
407870,2,0,No Variant,padi,rachyrules
407867,2,0,No Variant,padi,rachyrules
407862,2,0,No Variant,padi,rachyrules
407859,2,0,No Variant,padi,rachyrules
394158,3,0,Omni & Gray (6 Suits),doctorabi,hakha3,padi
394119,4,30,Up or Down & Brown (6 Suits),doctorabi,hakha3,Lel0uch,padi
384658,3,22,No Variant,Damian000,hailey,padi
380750,4,25,No Variant,ducky,Hyphen-ated,Onen,padi
367270,2,24,Gray (5 Suits),Kyle,padi
367262,2,0,Gray (5 Suits),Kyle,padi
328473,3,25,Duck (5 Suits),melwen,padi,scharkbite
328452,3,25,Duck (5 Suits),melwen,padi,scharkbite
328423,3,0,Duck (5 Suits),melwen,padi,scharkbite
328398,3,24,Duck (5 Suits),melwen,padi,scharkbite
328378,3,25,Duck (5 Suits),melwen,padi,scharkbite
328367,3,0,Duck (5 Suits),melwen,padi,scharkbite
328356,3,24,Duck (5 Suits),melwen,padi,scharkbite
328347,3,0,Duck (5 Suits),melwen,padi,scharkbite
328331,3,0,Duck (5 Suits),melwen,padi,scharkbite
328299,3,0,Duck (5 Suits),melwen,padi,scharkbite
326234,3,25,Duck (5 Suits),melwen,padi,scharkbite
326209,3,24,Duck (5 Suits),melwen,padi,scharkbite
326174,3,25,Duck (5 Suits),melwen,padi,scharkbite
326131,3,21,Duck (5 Suits),melwen,padi,scharkbite
326107,3,25,Duck (5 Suits),melwen,padi,scharkbite
326094,3,25,Duck (5 Suits),melwen,padi,scharkbite
326074,3,0,Duck (5 Suits),melwen,padi,scharkbite
326055,3,0,Duck (5 Suits),melwen,padi,scharkbite
326048,3,0,Duck (5 Suits),melwen,padi,scharkbite
325363,3,0,Duck (5 Suits),melwen,padi,scharkbite
324940,3,23,Duck (5 Suits),melwen,padi,scharkbite
324926,3,22,Duck (5 Suits),melwen,padi,scharkbite
324907,3,23,Duck (5 Suits),melwen,padi,scharkbite
324886,3,0,Duck (5 Suits),melwen,padi,scharkbite
324774,3,0,Duck (5 Suits),melwen,padi,scharkbite
324753,3,0,Duck (5 Suits),melwen,padi,scharkbite
324747,3,24,Duck (5 Suits),melwen,padi,scharkbite
324736,3,0,Duck (5 Suits),melwen,padi,scharkbite
324726,3,22,Duck (5 Suits),melwen,padi,scharkbite
324688,3,0,Duck (5 Suits),melwen,padi,scharkbite
324254,3,25,Duck (5 Suits),melwen,padi,scharkbite
324214,3,0,Duck (5 Suits),melwen,padi,scharkbite
324179,3,25,Duck (5 Suits),melwen,padi,scharkbite
324155,3,21,Duck (5 Suits),melwen,padi,scharkbite
323284,3,0,Duck (5 Suits),melwen,padi,scharkbite
323271,3,0,Duck (5 Suits),melwen,padi,scharkbite
322542,3,0,Duck (5 Suits),melwen,padi,scharkbite
322530,3,23,Duck (5 Suits),melwen,padi,scharkbite
317331,4,0,Rainbow-Ones & White (6 Suits),Fireheart,IAMJEFF,padi,Veexliat
317323,3,30,Brown-Ones & Dark Prism (6 Suits),Fireheart,IAMJEFF,padi
315331,5,29,Brown-Ones & White (6 Suits),DMoney,Dr_Kakashi,kimbifille,padi,Zamiel
315303,5,0,Brown-Ones & White (6 Suits),DMoney,Dr_Kakashi,kimbifille,padi,Zamiel
315278,3,24,Black (5 Suits),Hapotata,newduke,padi
315271,3,0,Black (5 Suits),Hapotata,newduke,padi
315269,3,0,Black (5 Suits),Hapotata,newduke,padi
315266,3,0,Black (5 Suits),Hapotata,newduke,padi
315257,3,0,Black (5 Suits),Hapotata,newduke,padi
315242,3,22,Black (5 Suits),Hapotata,newduke,padi
313745,6,0,Gray (6 Suits),DMoney,Floriman,Kyle,padi,pianoblook,plus
313689,6,0,Gray (6 Suits),DMoney,Floriman,Kyle,padi,pianoblook,plus
313657,6,24,Gray (6 Suits),DMoney,Floriman,Kyle,padi,pianoblook,plus
312279,3,23,No Variant,padi,rachyrules,timotree
312278,3,0,No Variant,padi,rachyrules,timotree
312277,3,0,No Variant,padi,rachyrules,timotree
312276,3,24,No Variant,padi,rachyrules,timotree
312274,3,0,No Variant,padi,rachyrules,timotree
312270,3,0,No Variant,padi,rachyrules,timotree
312266,3,0,No Variant,padi,rachyrules,timotree
312264,3,0,No Variant,padi,rachyrules,timotree
312258,3,0,No Variant,padi,rachyrules,timotree
312256,3,0,No Variant,padi,rachyrules,timotree
312253,3,25,No Variant,padi,rachyrules,timotree
312246,3,0,No Variant,padi,rachyrules,timotree
312243,3,0,No Variant,padi,rachyrules,timotree
312239,3,0,No Variant,padi,rachyrules,timotree
312237,3,0,No Variant,padi,rachyrules,timotree
312234,2,25,No Variant,padi,rachyrules
312230,2,0,No Variant,padi,rachyrules
312228,2,0,No Variant,padi,rachyrules
312227,2,0,No Variant,padi,rachyrules
312225,2,23,No Variant,padi,rachyrules
307773,5,28,Pink & Muddy Rainbow (6 Suits),newduke,padi,sephiroth,TheDaniMan,TimeHoodie
305124,6,30,Ambiguous (6 Suits),derekcheah,jeff10,newduke,padi,TheDaniMan,TimeHoodie
305092,6,0,Ambiguous (6 Suits),derekcheah,jeff10,newduke,padi,TheDaniMan,TimeHoodie
305070,5,0,Ambiguous (6 Suits),derekcheah,newduke,padi,TheDaniMan,TimeHoodie
304952,2,0,No Variant,padi,rachyrules
304950,2,0,No Variant,padi,rachyrules
304949,2,0,No Variant,padi,rachyrules
304948,2,0,No Variant,padi,rachyrules
304947,2,0,No Variant,padi,rachyrules
304946,2,0,No Variant,padi,rachyrules
304944,2,25,No Variant,padi,rachyrules
290789,5,24,Dark Prism (5 Suits),ADrone,asaelr,Fey,MarkusKahlsen,padi
290780,4,0,Dark Prism (5 Suits),Dr_Kakashi,Fey,padi,Tiramisu1th
290773,3,23,No Variant,BottomDeck_k1,Fey,padi
290766,2,25,Prism (5 Suits),Fey,padi
290764,2,23,Prism (5 Suits),Fey,padi
288008,5,24,Prism (5 Suits),Dr_Kakashi,Floriman,padi,plus,postmans
287999,3,0,Prism (5 Suits),Dr_Kakashi,padi,plus
287996,3,0,Prism (5 Suits),Dr_Kakashi,padi,plus
287519,5,0,Pink (4 Suits),lotem,padi,plus,will.i.am,XMIL
287508,5,0,Pink (4 Suits),lotem,padi,plus,will.i.am,XMIL
283754,3,15,Brown (3 Suits),Bonja97,melwen,padi
283750,3,13,Brown (3 Suits),Bonja97,melwen,padi
281641,3,30,Prism (6 Suits),joelwool,padi,schemetrical
281091,5,0,Dark Rainbow (5 Suits),DMoney,Pablo-,padi,plus,XMIL
279690,6,25,Brown (5 Suits),DMoney,Dr_Kakashi,Floriman,Livia,padi,scharkbite
279661,6,0,Brown (5 Suits),DMoney,Dr_Kakashi,Floriman,Livia,padi,scharkbite
279639,6,0,Brown (5 Suits),DMoney,Dr_Kakashi,Floriman,Livia,padi,scharkbite
272806,3,23,Black (5 Suits),asaelr,padi,rs1
272787,3,20,Black (5 Suits),asaelr,padi,rs1
258305,5,30,White Reversed (6 Suits),florrat2,Libster,NoMercy,padi,Zamiel
258303,5,0,White Reversed (6 Suits),florrat2,Libster,NoMercy,padi,Zamiel
258301,5,0,White Reversed (6 Suits),florrat2,Libster,NoMercy,padi,Zamiel
258300,5,0,White Reversed (6 Suits),florrat2,Libster,NoMercy,padi,Zamiel
258299,5,0,White Reversed (6 Suits),florrat2,Libster,NoMercy,padi,Zamiel
258296,5,0,White Reversed (6 Suits),florrat2,Libster,NoMercy,padi,Zamiel
258294,5,0,White Reversed (6 Suits),florrat2,Libster,NoMercy,padi,Zamiel
258293,5,0,White Reversed (6 Suits),florrat2,Libster,NoMercy,padi,Zamiel
258292,5,0,White Reversed (6 Suits),florrat2,Libster,NoMercy,padi,Zamiel
258291,5,0,White Reversed (6 Suits),florrat2,Libster,NoMercy,padi,Zamiel
258288,5,29,White Reversed (6 Suits),florrat2,Libster,NoMercy,padi,Zamiel
258287,5,0,White Reversed (6 Suits),florrat2,Libster,NoMercy,padi,Zamiel
258283,5,0,White Reversed (6 Suits),florrat2,Libster,NoMercy,padi,Zamiel
258280,5,30,White Reversed (6 Suits),florrat2,Libster,NoMercy,padi,Zamiel
258274,5,0,White Reversed (6 Suits),florrat2,Libster,NoMercy,padi,Zamiel
258273,5,0,White Reversed (6 Suits),florrat2,Libster,NoMercy,padi,Zamiel
258270,5,0,White Reversed (6 Suits),florrat2,Libster,NoMercy,padi,Zamiel
258269,5,0,White Reversed (6 Suits),florrat2,Libster,NoMercy,padi,Zamiel
258268,5,0,White Reversed (6 Suits),florrat2,Libster,NoMercy,padi,Zamiel
258265,5,29,White Reversed (6 Suits),florrat2,Libster,NoMercy,padi,Zamiel
258259,5,0,White Reversed (6 Suits),florrat2,Libster,NoMercy,padi,Zamiel
258256,5,0,White Reversed (6 Suits),florrat2,Libster,NoMercy,padi,Zamiel
258254,5,0,White Reversed (6 Suits),florrat2,Libster,NoMercy,padi,Zamiel
258251,5,0,White Reversed (6 Suits),florrat2,Libster,NoMercy,padi,Zamiel
258248,5,0,White Reversed (6 Suits),florrat2,Libster,NoMercy,padi,Zamiel
258245,5,0,White Reversed (6 Suits),florrat2,Libster,NoMercy,padi,Zamiel
258242,5,0,White Reversed (6 Suits),florrat2,Libster,NoMercy,padi,Zamiel
258241,5,0,White Reversed (6 Suits),florrat2,Libster,NoMercy,padi,Zamiel
258234,5,0,White Reversed (6 Suits),florrat2,Libster,NoMercy,padi,Zamiel
258233,5,0,White Reversed (6 Suits),florrat2,Libster,NoMercy,padi,Zamiel
258230,5,0,White Reversed (6 Suits),florrat2,Libster,NoMercy,padi,Zamiel
258229,5,0,White Reversed (6 Suits),florrat2,Libster,NoMercy,padi,Zamiel
258226,5,0,White Reversed (6 Suits),florrat2,Libster,NoMercy,padi,Zamiel
258225,5,0,White Reversed (6 Suits),florrat2,Libster,NoMercy,padi,Zamiel
258223,5,0,White Reversed (6 Suits),florrat2,Libster,NoMercy,padi,Zamiel
258221,5,0,White Reversed (6 Suits),florrat2,Libster,NoMercy,padi,Zamiel
258220,5,0,White Reversed (6 Suits),florrat2,Libster,NoMercy,padi,Zamiel
258218,5,0,White Reversed (6 Suits),florrat2,Libster,NoMercy,padi,Zamiel
258214,5,0,White Reversed (6 Suits),florrat2,Libster,NoMercy,padi,Zamiel
258212,5,0,White Reversed (6 Suits),florrat2,Libster,NoMercy,padi,Zamiel
258210,5,0,White Reversed (6 Suits),florrat2,Libster,NoMercy,padi,Zamiel
258209,5,0,White Reversed (6 Suits),florrat2,Libster,NoMercy,padi,Zamiel
258204,5,0,White Reversed (6 Suits),florrat2,Libster,NoMercy,padi,Zamiel
258202,5,0,White Reversed (6 Suits),florrat2,Libster,NoMercy,padi,Zamiel
258201,5,0,White Reversed (6 Suits),florrat2,Libster,NoMercy,padi,Zamiel
258199,5,0,White Reversed (6 Suits),florrat2,Libster,NoMercy,padi,Zamiel
258198,5,0,White Reversed (6 Suits),florrat2,Libster,NoMercy,padi,Zamiel
258197,5,0,White Reversed (6 Suits),florrat2,Libster,NoMercy,padi,Zamiel
258193,5,0,White Reversed (6 Suits),florrat2,Libster,NoMercy,padi,Zamiel
258192,5,0,White Reversed (6 Suits),florrat2,Libster,NoMercy,padi,Zamiel
258188,5,0,White Reversed (6 Suits),florrat2,Libster,NoMercy,padi,Zamiel
258186,5,0,White Reversed (6 Suits),florrat2,Libster,NoMercy,padi,Zamiel
258184,5,0,White Reversed (6 Suits),florrat2,Libster,NoMercy,padi,Zamiel
258180,5,0,White Reversed (6 Suits),florrat2,Libster,NoMercy,padi,Zamiel
258179,5,0,White Reversed (6 Suits),florrat2,Libster,NoMercy,padi,Zamiel
258178,5,0,White Reversed (6 Suits),florrat2,Libster,NoMercy,padi,Zamiel
258177,5,0,White Reversed (6 Suits),florrat2,Libster,NoMercy,padi,Zamiel
258176,5,0,White Reversed (6 Suits),florrat2,Libster,NoMercy,padi,Zamiel
258174,5,0,White Reversed (6 Suits),florrat2,Libster,NoMercy,padi,Zamiel
258171,5,0,White Reversed (6 Suits),florrat2,Libster,NoMercy,padi,Zamiel
258170,5,0,White Reversed (6 Suits),florrat2,Libster,NoMercy,padi,Zamiel
258169,5,0,White Reversed (6 Suits),florrat2,Libster,NoMercy,padi,Zamiel
258168,5,0,White Reversed (6 Suits),florrat2,Libster,NoMercy,padi,Zamiel
258166,5,0,White Reversed (6 Suits),florrat2,Libster,NoMercy,padi,Zamiel
258163,5,0,White Reversed (6 Suits),florrat2,Libster,NoMercy,padi,Zamiel
258161,5,27,White Reversed (6 Suits),florrat2,Libster,NoMercy,padi,Zamiel
258158,5,0,White Reversed (6 Suits),florrat2,Libster,NoMercy,padi,Zamiel
258157,5,0,White Reversed (6 Suits),florrat2,Libster,NoMercy,padi,Zamiel
258155,5,0,White Reversed (6 Suits),florrat2,Libster,NoMercy,padi,Zamiel
258153,5,0,White Reversed (6 Suits),florrat2,Libster,NoMercy,padi,Zamiel
258151,5,0,White Reversed (6 Suits),florrat2,Libster,NoMercy,padi,Zamiel
258150,5,0,White Reversed (6 Suits),florrat2,Libster,NoMercy,padi,Zamiel
258148,5,0,White Reversed (6 Suits),florrat2,Libster,NoMercy,padi,Zamiel
258147,5,0,White Reversed (6 Suits),florrat2,Libster,NoMercy,padi,Zamiel
258145,5,0,White Reversed (6 Suits),florrat2,Libster,NoMercy,padi,Zamiel
258144,5,0,White Reversed (6 Suits),florrat2,Libster,NoMercy,padi,Zamiel
258143,5,0,White Reversed (6 Suits),florrat2,Libster,NoMercy,padi,Zamiel
257133,4,25,Up or Down (5 Suits),asaelr,Bonja97,Fey,padi
256876,4,30,White Reversed (6 Suits),florrat2,Libster,NoMercy,padi
256873,4,0,White Reversed (6 Suits),florrat2,Libster,NoMercy,padi
256872,4,0,White Reversed (6 Suits),florrat2,Libster,NoMercy,padi
256871,4,0,White Reversed (6 Suits),florrat2,Libster,NoMercy,padi
256869,4,0,White Reversed (6 Suits),florrat2,Libster,NoMercy,padi
256867,4,0,White Reversed (6 Suits),florrat2,Libster,NoMercy,padi
256866,4,0,White Reversed (6 Suits),florrat2,Libster,NoMercy,padi
256865,4,0,White Reversed (6 Suits),florrat2,Libster,NoMercy,padi
256864,4,0,White Reversed (6 Suits),florrat2,Libster,NoMercy,padi
256863,4,0,White Reversed (6 Suits),florrat2,Libster,NoMercy,padi
256862,4,0,White Reversed (6 Suits),florrat2,Libster,NoMercy,padi
256861,4,0,White Reversed (6 Suits),florrat2,Libster,NoMercy,padi
256858,4,0,White Reversed (6 Suits),florrat2,Libster,NoMercy,padi
256856,4,0,White Reversed (6 Suits),florrat2,Libster,NoMercy,padi
256855,4,0,White Reversed (6 Suits),florrat2,Libster,NoMercy,padi
256854,4,0,White Reversed (6 Suits),florrat2,Libster,NoMercy,padi
256853,4,0,White Reversed (6 Suits),florrat2,Libster,NoMercy,padi
256852,4,0,White Reversed (6 Suits),florrat2,Libster,NoMercy,padi
256851,4,0,White Reversed (6 Suits),florrat2,Libster,NoMercy,padi
256850,4,0,White Reversed (6 Suits),florrat2,Libster,NoMercy,padi
256848,4,0,White Reversed (6 Suits),florrat2,Libster,NoMercy,padi
256847,4,0,White Reversed (6 Suits),florrat2,Libster,NoMercy,padi
256846,4,0,White Reversed (6 Suits),florrat2,Libster,NoMercy,padi
256845,4,0,White Reversed (6 Suits),florrat2,Libster,NoMercy,padi
256844,4,0,White Reversed (6 Suits),florrat2,Libster,NoMercy,padi
256842,4,0,White Reversed (6 Suits),florrat2,Libster,NoMercy,padi
256841,4,0,White Reversed (6 Suits),florrat2,Libster,NoMercy,padi
256840,4,0,White Reversed (6 Suits),florrat2,Libster,NoMercy,padi
256839,4,0,White Reversed (6 Suits),florrat2,Libster,NoMercy,padi
256838,4,0,White Reversed (6 Suits),florrat2,Libster,NoMercy,padi
256836,4,0,White Reversed (6 Suits),florrat2,Libster,NoMercy,padi
256835,4,0,White Reversed (6 Suits),florrat2,Libster,NoMercy,padi
256834,4,0,White Reversed (6 Suits),florrat2,Libster,NoMercy,padi
256833,4,0,White Reversed (6 Suits),florrat2,Libster,NoMercy,padi
256832,4,0,White Reversed (6 Suits),florrat2,Libster,NoMercy,padi
256830,4,0,White Reversed (6 Suits),florrat2,Libster,NoMercy,padi
256829,4,0,White Reversed (6 Suits),florrat2,Libster,NoMercy,padi
256828,4,0,White Reversed (6 Suits),florrat2,Libster,NoMercy,padi
256827,4,0,White Reversed (6 Suits),florrat2,Libster,NoMercy,padi
256826,4,0,White Reversed (6 Suits),florrat2,Libster,NoMercy,padi
256823,4,0,White Reversed (6 Suits),florrat2,Libster,NoMercy,padi
256822,4,0,White Reversed (6 Suits),florrat2,Libster,NoMercy,padi
256820,4,0,White Reversed (6 Suits),florrat2,Libster,NoMercy,padi
256818,4,0,White Reversed (6 Suits),florrat2,Libster,NoMercy,padi
256817,4,0,White Reversed (6 Suits),florrat2,Libster,NoMercy,padi
256815,4,0,White Reversed (6 Suits),florrat2,Libster,NoMercy,padi
256814,4,30,White Reversed (6 Suits),florrat2,Libster,NoMercy,padi
256810,4,0,White Reversed (6 Suits),florrat2,Libster,NoMercy,padi
256808,4,0,White Reversed (6 Suits),florrat2,Libster,NoMercy,padi
256807,4,0,White Reversed (6 Suits),florrat2,Libster,NoMercy,padi
256806,4,0,White Reversed (6 Suits),florrat2,Libster,NoMercy,padi
256803,4,0,White Reversed (6 Suits),florrat2,Libster,NoMercy,padi
256801,4,0,White Reversed (6 Suits),florrat2,Libster,NoMercy,padi
256800,4,0,White Reversed (6 Suits),florrat2,Libster,NoMercy,padi
256799,4,0,White Reversed (6 Suits),florrat2,Libster,NoMercy,padi
256798,4,0,White Reversed (6 Suits),florrat2,Libster,NoMercy,padi
256797,4,0,White Reversed (6 Suits),florrat2,Libster,NoMercy,padi
256795,4,0,White Reversed (6 Suits),florrat2,Libster,NoMercy,padi
256794,4,0,White Reversed (6 Suits),florrat2,Libster,NoMercy,padi
256792,4,0,White Reversed (6 Suits),florrat2,Libster,NoMercy,padi
256789,4,0,White Reversed (6 Suits),florrat2,Libster,NoMercy,padi
256788,4,0,White Reversed (6 Suits),florrat2,Libster,NoMercy,padi
256787,4,0,White Reversed (6 Suits),florrat2,Libster,NoMercy,padi
256786,4,0,White Reversed (6 Suits),florrat2,Libster,NoMercy,padi
256785,4,0,White Reversed (6 Suits),florrat2,Libster,NoMercy,padi
256783,4,0,White Reversed (6 Suits),florrat2,Libster,NoMercy,padi
256782,4,28,White Reversed (6 Suits),florrat2,Libster,NoMercy,padi
256776,4,0,White Reversed (6 Suits),florrat2,Libster,NoMercy,padi
256775,4,0,White Reversed (6 Suits),florrat2,Libster,NoMercy,padi
256773,4,0,White Reversed (6 Suits),florrat2,Libster,NoMercy,padi
256770,4,0,White Reversed (6 Suits),florrat2,Libster,NoMercy,padi
256769,4,0,White Reversed (6 Suits),florrat2,Libster,NoMercy,padi
256768,4,0,White Reversed (6 Suits),florrat2,Libster,NoMercy,padi
256766,4,0,White Reversed (6 Suits),florrat2,Libster,NoMercy,padi
256764,4,0,White Reversed (6 Suits),florrat2,Libster,NoMercy,padi
256761,4,0,White Reversed (6 Suits),florrat2,Libster,NoMercy,padi
256758,4,0,White Reversed (6 Suits),florrat2,Libster,NoMercy,padi
256756,4,0,White Reversed (6 Suits),florrat2,Libster,NoMercy,padi
256755,4,0,White Reversed (6 Suits),florrat2,Libster,NoMercy,padi
256754,4,0,White Reversed (6 Suits),florrat2,Libster,NoMercy,padi
256753,4,0,White Reversed (6 Suits),florrat2,Libster,NoMercy,padi
256752,4,0,White Reversed (6 Suits),florrat2,Libster,NoMercy,padi
256744,5,0,Black & Dark Rainbow (6 Suits),florrat2,Libster,NoMercy,padi,sjdrodge
256696,5,0,Black & Dark Rainbow (6 Suits),florrat2,Libster,NoMercy,padi,sjdrodge
256690,5,0,Black & Dark Rainbow (6 Suits),florrat2,Libster,NoMercy,padi,sjdrodge
256678,5,0,Black & Dark Rainbow (6 Suits),florrat2,Libster,NoMercy,padi,sjdrodge
256662,5,0,Black & Dark Rainbow (6 Suits),florrat2,Libster,NoMercy,padi,sjdrodge
256650,5,0,Black & Dark Rainbow (6 Suits),florrat2,Libster,NoMercy,padi,sjdrodge
256632,5,0,Black & Dark Rainbow (6 Suits),florrat2,Libster,NoMercy,padi,sjdrodge
256609,5,0,Black & Dark Rainbow (6 Suits),florrat2,Libster,NoMercy,padi,sjdrodge
256594,5,0,Black & Dark Rainbow (6 Suits),florrat2,Libster,NoMercy,padi,sjdrodge
256575,5,0,Black & Dark Rainbow (6 Suits),florrat2,Libster,NoMercy,padi,sjdrodge
256557,5,0,Black & Dark Rainbow (6 Suits),florrat2,Libster,NoMercy,padi,sjdrodge
256553,5,0,Black & Dark Rainbow (6 Suits),florrat2,Libster,NoMercy,padi,sjdrodge
255725,3,0,White Reversed (6 Suits),Dr_Kakashi,padi,RaKXeR
255724,3,0,White Reversed (6 Suits),Dr_Kakashi,padi,RaKXeR
255722,3,0,White Reversed (6 Suits),Dr_Kakashi,padi,RaKXeR
255721,3,0,White Reversed (6 Suits),Dr_Kakashi,padi,RaKXeR
255719,3,0,White Reversed (6 Suits),Dr_Kakashi,padi,RaKXeR
255717,3,0,White Reversed (6 Suits),Dr_Kakashi,padi,RaKXeR
255715,3,0,White Reversed (6 Suits),Dr_Kakashi,padi,RaKXeR
255714,3,0,White Reversed (6 Suits),Dr_Kakashi,padi,RaKXeR
255713,3,0,White Reversed (6 Suits),Dr_Kakashi,padi,RaKXeR
255710,3,0,White Reversed (6 Suits),Dr_Kakashi,padi,RaKXeR
255709,3,0,White Reversed (6 Suits),Dr_Kakashi,padi,RaKXeR
255708,3,0,White Reversed (6 Suits),Dr_Kakashi,padi,RaKXeR
255707,3,0,White Reversed (6 Suits),Dr_Kakashi,padi,RaKXeR
255706,3,0,White Reversed (6 Suits),Dr_Kakashi,padi,RaKXeR
255705,3,0,White Reversed (6 Suits),Dr_Kakashi,padi,RaKXeR
255704,3,0,White Reversed (6 Suits),Dr_Kakashi,padi,RaKXeR
255703,3,0,White Reversed (6 Suits),Dr_Kakashi,padi,RaKXeR
255702,3,0,White Reversed (6 Suits),Dr_Kakashi,padi,RaKXeR
255701,3,0,White Reversed (6 Suits),Dr_Kakashi,padi,RaKXeR
255700,3,0,White Reversed (6 Suits),Dr_Kakashi,padi,RaKXeR
255699,3,0,White Reversed (6 Suits),Dr_Kakashi,padi,RaKXeR
255698,3,0,White Reversed (6 Suits),Dr_Kakashi,padi,RaKXeR
255695,3,0,White Reversed (6 Suits),Dr_Kakashi,padi,RaKXeR
255692,3,0,White Reversed (6 Suits),Dr_Kakashi,padi,RaKXeR
255691,3,0,White Reversed (6 Suits),Dr_Kakashi,padi,RaKXeR
255690,3,0,White Reversed (6 Suits),Dr_Kakashi,padi,RaKXeR
255688,3,0,White Reversed (6 Suits),Dr_Kakashi,padi,RaKXeR
255687,3,0,White Reversed (6 Suits),Dr_Kakashi,padi,RaKXeR
255686,3,0,White Reversed (6 Suits),Dr_Kakashi,padi,RaKXeR
255685,3,0,White Reversed (6 Suits),Dr_Kakashi,padi,RaKXeR
255683,3,0,White Reversed (6 Suits),Dr_Kakashi,padi,RaKXeR
255681,3,0,White Reversed (6 Suits),Dr_Kakashi,padi,RaKXeR
255680,3,0,White Reversed (6 Suits),Dr_Kakashi,padi,RaKXeR
255679,3,0,White Reversed (6 Suits),Dr_Kakashi,padi,RaKXeR
255678,3,0,White Reversed (6 Suits),Dr_Kakashi,padi,RaKXeR
255677,3,0,White Reversed (6 Suits),Dr_Kakashi,padi,RaKXeR
255676,3,0,White Reversed (6 Suits),Dr_Kakashi,padi,RaKXeR
255674,3,0,White Reversed (6 Suits),Dr_Kakashi,padi,RaKXeR
255671,3,0,White Reversed (6 Suits),Dr_Kakashi,padi,RaKXeR
255670,3,0,White Reversed (6 Suits),Dr_Kakashi,padi,RaKXeR
255669,3,0,White Reversed (6 Suits),Dr_Kakashi,padi,RaKXeR
255667,3,0,White Reversed (6 Suits),Dr_Kakashi,padi,RaKXeR
255665,3,0,White Reversed (6 Suits),Dr_Kakashi,padi,RaKXeR
255664,3,0,White Reversed (6 Suits),Dr_Kakashi,padi,RaKXeR
255663,3,0,White Reversed (6 Suits),Dr_Kakashi,padi,RaKXeR
255662,3,0,White Reversed (6 Suits),Dr_Kakashi,padi,RaKXeR
255660,3,0,White Reversed (6 Suits),Dr_Kakashi,padi,RaKXeR
255659,3,0,White Reversed (6 Suits),Dr_Kakashi,padi,RaKXeR
255656,3,0,White Reversed (6 Suits),Dr_Kakashi,padi,RaKXeR
255655,3,0,White Reversed (6 Suits),Dr_Kakashi,padi,RaKXeR
255654,3,0,White Reversed (6 Suits),Dr_Kakashi,padi,RaKXeR
255653,3,0,White Reversed (6 Suits),Dr_Kakashi,padi,RaKXeR
255652,3,0,White Reversed (6 Suits),Dr_Kakashi,padi,RaKXeR
255651,3,0,White Reversed (6 Suits),Dr_Kakashi,padi,RaKXeR
255650,3,0,White Reversed (6 Suits),Dr_Kakashi,padi,RaKXeR
255648,3,0,White Reversed (6 Suits),Dr_Kakashi,padi,RaKXeR
254076,3,30,White Reversed (6 Suits),florrat2,padi,Valetta6789
254071,3,0,White Reversed (6 Suits),florrat2,padi,Valetta6789
254065,3,0,White Reversed (6 Suits),florrat2,padi,Valetta6789
254063,3,0,White Reversed (6 Suits),florrat2,padi,Valetta6789
254059,3,0,White Reversed (6 Suits),florrat2,padi,Valetta6789
254055,3,0,White Reversed (6 Suits),florrat2,padi,Valetta6789
254048,3,0,White Reversed (6 Suits),florrat2,padi,Valetta6789
254046,3,0,White Reversed (6 Suits),florrat2,padi,Valetta6789
254040,3,0,White Reversed (6 Suits),florrat2,padi,Valetta6789
254039,3,0,White Reversed (6 Suits),florrat2,padi,Valetta6789
254037,3,0,White Reversed (6 Suits),florrat2,padi,Valetta6789
254036,3,0,White Reversed (6 Suits),florrat2,padi,Valetta6789
254033,3,0,White Reversed (6 Suits),florrat2,padi,Valetta6789
254031,3,0,White Reversed (6 Suits),florrat2,padi,Valetta6789
254029,3,0,White Reversed (6 Suits),florrat2,padi,Valetta6789
254027,3,0,White Reversed (6 Suits),florrat2,padi,Valetta6789
254025,3,0,White Reversed (6 Suits),florrat2,padi,Valetta6789
254023,3,0,White Reversed (6 Suits),florrat2,padi,Valetta6789
254022,3,0,White Reversed (6 Suits),florrat2,padi,Valetta6789
254020,3,0,White Reversed (6 Suits),florrat2,padi,Valetta6789
254016,3,0,White Reversed (6 Suits),florrat2,padi,Valetta6789
254015,3,0,White Reversed (6 Suits),florrat2,padi,Valetta6789
254013,3,0,White Reversed (6 Suits),florrat2,padi,Valetta6789
254007,3,0,White Reversed (6 Suits),florrat2,padi,Valetta6789
254005,3,0,White Reversed (6 Suits),florrat2,padi,Valetta6789
254003,3,0,White Reversed (6 Suits),florrat2,padi,Valetta6789
253998,3,0,White Reversed (6 Suits),florrat2,padi,Valetta6789
253996,3,0,White Reversed (6 Suits),florrat2,padi,Valetta6789
253992,3,0,White Reversed (6 Suits),florrat2,padi,Valetta6789
253988,3,0,White Reversed (6 Suits),florrat2,padi,Valetta6789
253985,3,0,White Reversed (6 Suits),florrat2,padi,Valetta6789
253981,3,0,White Reversed (6 Suits),florrat2,padi,Valetta6789
253976,3,0,White Reversed (6 Suits),florrat2,padi,Valetta6789
253971,3,0,White Reversed (6 Suits),florrat2,padi,Valetta6789
253969,3,0,White Reversed (6 Suits),florrat2,padi,Valetta6789
253964,3,0,White Reversed (6 Suits),florrat2,padi,Valetta6789
253963,3,0,White Reversed (6 Suits),florrat2,padi,Valetta6789
253953,3,0,White Reversed (6 Suits),florrat2,padi,Valetta6789
253950,3,0,White Reversed (6 Suits),florrat2,padi,Valetta6789
253947,3,0,White Reversed (6 Suits),florrat2,padi,Valetta6789
253946,3,0,White Reversed (6 Suits),florrat2,padi,Valetta6789
253944,3,0,White Reversed (6 Suits),florrat2,padi,Valetta6789
253942,3,0,White Reversed (6 Suits),florrat2,padi,Valetta6789
253939,3,0,White Reversed (6 Suits),florrat2,padi,Valetta6789
253937,3,0,White Reversed (6 Suits),florrat2,padi,Valetta6789
253935,3,0,White Reversed (6 Suits),florrat2,padi,Valetta6789
253933,3,29,White Reversed (6 Suits),florrat2,padi,Valetta6789
253926,3,0,White Reversed (6 Suits),florrat2,padi,Valetta6789
253917,4,0,White Reversed (6 Suits),florrat2,padi,RaKXeR,Valetta6789
253913,4,0,White Reversed (6 Suits),florrat2,padi,RaKXeR,Valetta6789
253910,4,0,White Reversed (6 Suits),florrat2,padi,RaKXeR,Valetta6789
253908,4,0,White Reversed (6 Suits),florrat2,padi,RaKXeR,Valetta6789
253907,4,0,White Reversed (6 Suits),florrat2,padi,RaKXeR,Valetta6789
253903,4,0,White Reversed (6 Suits),florrat2,padi,RaKXeR,Valetta6789
253902,4,0,White Reversed (6 Suits),florrat2,padi,RaKXeR,Valetta6789
253898,4,0,White Reversed (6 Suits),florrat2,padi,RaKXeR,Valetta6789
253895,4,0,White Reversed (6 Suits),florrat2,padi,RaKXeR,Valetta6789
253893,4,0,White Reversed (6 Suits),florrat2,padi,RaKXeR,Valetta6789
253892,4,0,White Reversed (6 Suits),florrat2,padi,RaKXeR,Valetta6789
253890,4,0,White Reversed (6 Suits),florrat2,padi,RaKXeR,Valetta6789
253888,4,0,White Reversed (6 Suits),florrat2,padi,RaKXeR,Valetta6789
253887,4,0,White Reversed (6 Suits),florrat2,padi,RaKXeR,Valetta6789
253885,4,0,White Reversed (6 Suits),florrat2,padi,RaKXeR,Valetta6789
253882,4,0,White Reversed (6 Suits),florrat2,padi,RaKXeR,Valetta6789
253880,4,0,White Reversed (6 Suits),florrat2,padi,RaKXeR,Valetta6789
253876,4,0,White Reversed (6 Suits),florrat2,padi,RaKXeR,Valetta6789
253875,4,0,White Reversed (6 Suits),florrat2,padi,RaKXeR,Valetta6789
253874,4,0,White Reversed (6 Suits),florrat2,padi,RaKXeR,Valetta6789
253869,4,0,White Reversed (6 Suits),florrat2,padi,RaKXeR,Valetta6789
253868,4,0,White Reversed (6 Suits),florrat2,padi,RaKXeR,Valetta6789
253866,4,0,White Reversed (6 Suits),florrat2,padi,RaKXeR,Valetta6789
253864,4,0,White Reversed (6 Suits),florrat2,padi,RaKXeR,Valetta6789
253861,4,0,White Reversed (6 Suits),florrat2,padi,RaKXeR,Valetta6789
253860,4,0,White Reversed (6 Suits),florrat2,padi,RaKXeR,Valetta6789
253856,4,30,White Reversed (6 Suits),florrat2,padi,RaKXeR,Valetta6789
253852,4,0,White Reversed (6 Suits),florrat2,padi,RaKXeR,Valetta6789
253849,4,0,White Reversed (6 Suits),florrat2,padi,RaKXeR,Valetta6789
253846,4,30,White Reversed (6 Suits),florrat2,padi,RaKXeR,Valetta6789
253840,4,0,White Reversed (6 Suits),florrat2,padi,RaKXeR,Valetta6789
253835,4,0,White Reversed (6 Suits),florrat2,padi,RaKXeR,Valetta6789
253834,4,0,White Reversed (6 Suits),florrat2,padi,RaKXeR,Valetta6789
253830,4,0,White Reversed (6 Suits),florrat2,padi,RaKXeR,Valetta6789
253828,5,0,White Reversed (6 Suits),florrat2,padi,RaKXeR,Tiramisu1th,Valetta6789
253814,5,0,White Reversed (6 Suits),florrat2,padi,RaKXeR,Tiramisu1th,Valetta6789
253807,5,0,White Reversed (6 Suits),florrat2,padi,RaKXeR,Tiramisu1th,Valetta6789
253803,5,0,No Variant,florrat2,padi,RaKXeR,Tiramisu1th,Valetta6789
253798,4,23,No Variant,florrat2,padi,RaKXeR,Tiramisu1th
253794,5,0,No Variant,Bonja97,florrat2,padi,RaKXeR,Tiramisu1th
253792,4,0,No Variant,florrat2,padi,RaKXeR,Tiramisu1th
253790,4,0,No Variant,florrat2,padi,RaKXeR,Tiramisu1th
252687,5,0,Black & Dark Rainbow (6 Suits),florrat2,Libster,NoMercy,padi,sjdrodge
252621,5,0,Black & Dark Rainbow (6 Suits),florrat2,Libster,NoMercy,padi,sjdrodge
252609,5,0,Black & Dark Rainbow (6 Suits),florrat2,Libster,NoMercy,padi,sjdrodge
252601,5,0,Black & Dark Rainbow (6 Suits),florrat2,Libster,NoMercy,padi,sjdrodge
252581,5,0,Black & Dark Rainbow (6 Suits),florrat2,Libster,NoMercy,padi,sjdrodge
252570,5,0,Black & Dark Rainbow (6 Suits),florrat2,Libster,NoMercy,padi,sjdrodge
252537,5,0,Black & Dark Rainbow (6 Suits),florrat2,Libster,NoMercy,padi,sjdrodge
252501,5,0,Black & Dark Rainbow (6 Suits),florrat2,Libster,NoMercy,padi,sjdrodge
252472,4,0,Black & Dark Rainbow (6 Suits),florrat2,NoMercy,padi,sjdrodge
252455,4,0,Black & Dark Rainbow (6 Suits),florrat2,NoMercy,padi,sjdrodge
252446,4,0,Black & Dark Rainbow (6 Suits),florrat2,NoMercy,padi,sjdrodge
247831,3,0,Light Pink (6 Suits),eljobe,padi,Tiramisu1th
247825,3,0,Light Pink (6 Suits),eljobe,padi,Tiramisu1th
247814,4,0,Dark Pink (5 Suits),melwen,padi,sephiroth,TheDaniMan
247812,4,0,Dark Pink (5 Suits),melwen,padi,sephiroth,TheDaniMan
247808,5,0,Dark Pink (5 Suits),Dr_Kakashi,padi,RaKXeR,sephiroth,TheDaniMan
247799,6,20,Dark Pink (5 Suits),ADrone,Dr_Kakashi,padi,sephiroth,TheDaniMan,Tiramisu1th
247060,3,24,No Variant,padi,robo1995,sjdrodge
246153,5,24,No Variant,asaelr,Dr_Kakashi,Floriman,joelwool,padi
246066,4,25,Brown-Fives & Pink (5 Suits),DMoney,Dr_Kakashi,padi,will.i.am
246054,5,0,Brown-Fives & Pink (5 Suits),DMoney,Dr_Kakashi,Kyle,padi,will.i.am
246048,5,0,Brown-Fives & Pink (5 Suits),DMoney,Dr_Kakashi,Kyle,padi,will.i.am
245444,4,20,Omni-Fives (4 Suits),DMoney,melwen,padi,swineherd
245423,4,0,Omni-Fives (4 Suits),DMoney,melwen,padi,swineherd
245405,4,17,Omni-Fives (4 Suits),DMoney,melwen,padi,swineherd
245225,4,25,Omni (5 Suits),micerang,padi,scharkbite,TheDaniMan
244949,5,0,Dark Rainbow (6 Suits),MarkusKahlsen,padi,piper,sephiroth,swineherd
244282,4,0,Light-Pink-Fives & Gray (5 Suits),asaelr,DMoney,padi,Zamiel
244272,4,0,Light-Pink-Fives & Gray (5 Suits),asaelr,DMoney,padi,Zamiel
244251,4,24,Light-Pink-Fives & Gray (5 Suits),asaelr,DMoney,padi,Zamiel
244233,3,28,Black & Pink (6 Suits),asaelr,DMoney,padi
244218,3,0,Black & Pink (6 Suits),asaelr,DMoney,padi
244208,3,25,Rainbow (5 Suits),asaelr,DMoney,padi
243921,6,25,Black (5 Suits),Div,Dr_Kakashi,lotem,Nitrate2,padi,sephiroth
243914,5,0,Rainbow (4 Suits),Div,Dr_Kakashi,lotem,Nitrate2,padi
243910,5,19,Rainbow (4 Suits),Div,Dr_Kakashi,lotem,Nitrate2,padi
241817,6,21,Up or Down & White (5 Suits),Bonja97,DMoney,Floriman,MarkusKahlsen,padi,will.i.am
241795,6,24,Up or Down & White (5 Suits),MarkusKahlsen,padi,scharkbite,sephiroth,will.i.am,Zakisan
241772,4,25,Ambiguous & Dark Brown (5 Suits),padi,scharkbite,sephiroth,Zakisan
241757,3,25,Light-Pink-Fives & White (5 Suits),padi,scharkbite,Zakisan
241746,3,24,Light-Pink-Fives & White (5 Suits),padi,scharkbite,sephiroth
241727,6,29,Light Pink (6 Suits),padi,plus,scharkbite,sephiroth,will.i.am,Zakisan
241605,2,20,White (4 Suits),padi,plus
241593,2,22,White (5 Suits),padi,plus
241576,2,25,Brown (5 Suits),padi,plus
241496,6,25,No Variant,asaelr,chriswck,eljobe,padi,RaKXeR,TheDaniMan
240850,5,0,Pink-Ones (4 Suits),DMoney,Kyle,padi,will.i.am,Zamiel
240836,5,25,Pink-Ones (5 Suits),DMoney,Floriman,Kyle,padi,Zamiel
240681,5,0,Brown-Ones & Dark Rainbow (5 Suits),MarkusKahlsen,padi,sephiroth,will.i.am,Zakisan
240650,4,23,Brown-Ones & Dark Rainbow (5 Suits),padi,sephiroth,will.i.am,Zakisan
240625,3,21,Brown-Ones & Dark Rainbow (5 Suits),padi,will.i.am,Zakisan
239281,4,20,Muddy Rainbow (4 Suits),Kyle,Livia,padi,Valetta6789
239264,4,19,Muddy Rainbow (4 Suits),Kyle,Livia,padi,Valetta6789
239245,3,0,Muddy Rainbow (5 Suits),Livia,padi,Valetta6789
239237,2,0,Muddy Rainbow (5 Suits),Livia,padi
239231,2,20,White & Omni (4 Suits),Livia,padi
239139,5,27,Up or Down (6 Suits),MarkusKahlsen,Pablo-,padi,sephiroth,TheDaniMan
239116,4,30,Reversed (6 Suits),asaelr,melwen,Nitrate2,padi
239113,4,0,Reversed (6 Suits),asaelr,Nitrate2,padi,TheDaniMan
239112,3,0,Pink-Ones & Black (5 Suits),melwen,Nitrate2,padi
239107,4,0,Pink-Ones & Black (5 Suits),melwen,Nitrate2,padi,swineherd
238483,6,0,No Variant,derekcheah,DrJones,Floriman,Kyle,padi,sephiroth
238473,6,0,No Variant,derekcheah,DrJones,Floriman,Kyle,padi,sephiroth
238466,6,23,No Variant,derekcheah,DrJones,Floriman,Kyle,padi,qbphoenix
238455,6,0,No Variant,derekcheah,DrJones,Floriman,Kyle,padi,qbphoenix
238450,6,21,No Variant,derekcheah,DrJones,Floriman,Kyle,padi,qbphoenix
238429,5,0,No Variant,DrJones,Kyle,padi,qbphoenix,TheDaniMan
238421,5,0,No Variant,DrJones,Kyle,padi,qbphoenix,TheDaniMan
238415,5,0,No Variant,DrJones,Kyle,padi,qbphoenix,TheDaniMan
238406,6,0,No Variant,DrJones,joelwool,Kyle,padi,qbphoenix,TheDaniMan
238391,6,0,No Variant,DrJones,joelwool,Kyle,padi,qbphoenix,TheDaniMan
238063,3,25,Light-Pink-Ones (5 Suits),padi,plus,scharkbite
238042,3,23,Light-Pink-Ones (5 Suits),padi,plus,scharkbite
238017,4,21,Light-Pink-Ones (5 Suits),DMoney,padi,plus,scharkbite
238000,4,0,Light-Pink-Ones (5 Suits),DMoney,padi,plus,scharkbite
237980,6,30,Pink-Fives (6 Suits),ADrone,DMoney,Kyle,padi,plus,scharkbite
237444,3,25,Omni-Fives (5 Suits),Livia,padi,sephiroth
237434,3,0,Omni-Fives (5 Suits),Livia,padi,sephiroth
237423,4,30,Dark Rainbow (6 Suits),asaelr,Livia,Pablo-,padi
237414,4,0,Dark Rainbow (6 Suits),asaelr,Livia,Pablo-,padi
236295,6,27,Up or Down (6 Suits),chriswck,MarkusKahlsen,Pablo-,padi,sephiroth,Sucubis
235420,5,30,White (6 Suits),Fey,Floriman,kimbifille,Nitrate2,padi
234430,5,22,Up or Down & White (5 Suits),Kyle,padi,pianoblook,qbphoenix,scharkbite
234410,4,22,Rainbow-Fives & Cocoa Rainbow (5 Suits),Kyle,padi,pianoblook,scharkbite
234396,4,0,Rainbow-Fives & Cocoa Rainbow (5 Suits),Kyle,padi,pianoblook,scharkbite
234379,4,20,Dual-Color & Brown (4 Suits),Kyle,padi,pianoblook,scharkbite
234373,4,0,Dual-Color & Brown (4 Suits),Kyle,padi,pianoblook,scharkbite
234362,6,21,Gray Pink (5 Suits),kooolant,Kyle,padi,pianoblook,scharkbite,sephiroth
233646,3,23,Dark Omni (5 Suits),padi,qbphoenix,Zamiel
233614,3,0,Dark Omni (5 Suits),padi,qbphoenix,Zamiel
233603,4,0,Dark Omni (5 Suits),lotem,padi,qbphoenix,Zamiel
233579,4,21,Dark Omni (5 Suits),lotem,padi,qbphoenix,Zamiel
232280,5,23,Muddy Rainbow (5 Suits),MarkusKahlsen,padi,pianoblook,piper,plus
231943,4,25,Pink & White (5 Suits),derekcheah,padi,pianoblook,will.i.am
231904,4,0,Pink & White (5 Suits),derekcheah,padi,pianoblook,will.i.am
231892,4,0,Pink & White (5 Suits),derekcheah,padi,pianoblook,will.i.am
231852,4,0,Pink & White (5 Suits),derekcheah,padi,pianoblook,will.i.am
231434,5,0,Omni-Fives (6 Suits),DMoney,MarkusKahlsen,padi,TheDaniMan,Zakisan
231394,5,0,Omni-Fives (6 Suits),DMoney,MarkusKahlsen,padi,TheDaniMan,Zakisan
231282,2,24,Omni (5 Suits),asaelr,padi
231215,2,25,Dark Rainbow (5 Suits),Kyle,padi
231198,3,25,No Variant,asaelr,MarekU,padi
231194,3,25,No Variant,asaelr,MarekU,padi
231192,4,0,Rainbow-Ones & Dark Brown (6 Suits),asaelr,melwen,padi,sephiroth
230140,5,24,Rainbow Reversed (5 Suits),DrJones,melwen,Nitrate2,padi,robense
229162,6,25,Rainbow Reversed (5 Suits),Dr_Kakashi,Floriman,kimbifille,letical,padi,sephiroth
229155,6,0,Rainbow Reversed (5 Suits),Dr_Kakashi,Floriman,kimbifille,letical,padi,sephiroth
229149,6,0,Rainbow Reversed (5 Suits),Dr_Kakashi,Floriman,kimbifille,letical,padi,sephiroth
229142,6,0,Rainbow Reversed (5 Suits),Dr_Kakashi,Floriman,kimbifille,letical,padi,sephiroth
228242,4,27,Gray & Dark Omni (6 Suits),Floriman,NoMercy,padi,pianoblook
228206,4,0,Gray & Dark Omni (6 Suits),Kyle,NoMercy,padi,pianoblook
227959,3,23,Brown-Fives & Black (5 Suits),Fey,padi,Sucubis
227939,2,22,Brown-Fives & Black (5 Suits),Fey,padi
227926,2,21,Brown-Fives & Black (5 Suits),Fey,padi
226836,5,30,Rainbow & Brown (6 Suits),Floriman,Kyle,padi,plus,scharkbite
226819,5,0,Rainbow & Brown (6 Suits),Floriman,Kyle,padi,plus,scharkbite
226792,5,0,Omni-Fives & Light Pink (6 Suits),DMoney,Dr_Kakashi,Floriman,kimbifille,padi
226789,6,0,Omni-Fives & Light Pink (6 Suits),DMoney,Dr_Kakashi,Fey,Floriman,kimbifille,padi
226785,6,0,Omni-Fives & Light Pink (6 Suits),DMoney,Dr_Kakashi,Fey,Floriman,kimbifille,padi
226781,4,0,Omni-Fives & Light Pink (5 Suits),DMoney,Dr_Kakashi,kimbifille,padi
226779,4,0,Omni-Fives & Light Pink (5 Suits),DMoney,Dr_Kakashi,kimbifille,padi
225899,5,23,Brown (5 Suits),derekcheah,Kyle,padi,plus,will.i.am
225886,5,0,Brown (5 Suits),derekcheah,Kyle,padi,plus,will.i.am
225872,5,0,Brown (5 Suits),derekcheah,Kyle,padi,plus,will.i.am
225855,5,0,Brown (5 Suits),derekcheah,Kyle,padi,plus,will.i.am
225839,4,0,Dark Brown (5 Suits),derekcheah,Kyle,padi,will.i.am
225827,4,24,Dark Brown (5 Suits),derekcheah,Kyle,padi,will.i.am
225741,5,0,Rainbow & Brown (6 Suits),DMoney,Floriman,padi,Tobythedog,tyrcho
225730,5,0,Rainbow & Brown (6 Suits),DMoney,Floriman,padi,Tobythedog,tyrcho
225724,5,0,Rainbow & Brown (6 Suits),DMoney,Floriman,padi,Tobythedog,tyrcho
225713,4,0,Rainbow & Brown (5 Suits),DMoney,Floriman,padi,tyrcho
225698,5,0,Rainbow & Brown (6 Suits),DMoney,Floriman,padi,sephiroth,tyrcho
225684,6,0,Rainbow & Brown (6 Suits),DMoney,Nitrate2,padi,pianoblook,sephiroth,tyrcho
224566,5,0,Dual-Color Mix,derekcheah,padi,sephiroth,tyrcho,Zakisan
224536,5,0,Dual-Color Mix,derekcheah,padi,sephiroth,tyrcho,Zakisan
224510,3,0,Light-Pink-Ones & Gray (5 Suits),Fey,Kyle,padi
224492,3,23,Reversed (5 Suits),Fey,padi,sheamol
224434,5,12,3 Suits,Aluap,blueberry,Pablo-,padi,Wittvector
224400,4,25,Alternating Clues & Brown (5 Suits),Floriman,padi,qbphoenix,sephiroth
224394,3,0,Alternating Clues & Brown (5 Suits),Floriman,padi,sephiroth
223300,3,30,Rainbow (6 Suits),asaelr,padi,scharkbite
223286,3,28,Rainbow (6 Suits),asaelr,padi,scharkbite
223248,3,26,Rainbow (6 Suits),asaelr,padi,scharkbite
223235,3,30,Rainbow (6 Suits),asaelr,padi,scharkbite
223201,4,18,Rainbow (4 Suits),blueberry,padi,Puzzle,Wittvector
223198,4,0,Pink (6 Suits),padi,sephiroth,Tiramisu1th,Wittvector
223188,6,25,Rainbow (5 Suits),honzas,MarkusKahlsen,melwen,metta,padi,sephiroth
221554,4,15,3 Suits,newduke,padi,swineherd,Zamiel
221538,3,22,Dark Omni (5 Suits),Kyle,padi,Zamiel
221029,4,25,Black & Null (5 Suits),DMoney,MarkusKahlsen,padi,will.i.am
220945,4,0,Black & Null (5 Suits),DMoney,MarkusKahlsen,padi,will.i.am
220928,4,0,Black & Null (5 Suits),DMoney,MarkusKahlsen,padi,will.i.am
220894,5,0,Black & Null (5 Suits),asaelr,DMoney,MarkusKahlsen,padi,will.i.am
220871,4,0,Black & Null (5 Suits),asaelr,DMoney,padi,will.i.am
220858,4,0,Black & Null (5 Suits),asaelr,DMoney,padi,will.i.am
220835,4,0,Black & Null (5 Suits),DMoney,padi,robense,will.i.am
219668,3,25,No Variant,julietteLT,padi,tyrcho
219644,3,0,No Variant,julietteLT,padi,tyrcho
219376,5,24,Black (6 Suits),Animex52,letical,padi,sephiroth,Tiramisu1th
218375,4,25,Special Mix (5 Suits),padi,pianoblook,TheDaniMan,will.i.am
218174,5,25,Dark Pink (6 Suits),MarkusKahlsen,padi,swineherd,TimeHoodie,Tiramisu1th
218159,4,0,Dark Pink (6 Suits),MarkusKahlsen,padi,TimeHoodie,Tiramisu1th
218144,4,29,Cocoa Rainbow (6 Suits),asaelr,Nitrate2,padi,robense
218141,4,26,Cocoa Rainbow (6 Suits),asaelr,Nitrate2,padi,sephiroth
218139,4,28,Cocoa Rainbow (6 Suits),asaelr,Nitrate2,padi,sephiroth
218134,3,30,Brown-Ones & Gray (6 Suits),Nitrate2,padi,sephiroth
217284,3,0,Pink (5 Suits),Fey,Floriman,padi
217251,3,25,Pink (5 Suits),Fey,Floriman,padi
217223,4,0,Throw It in a Hole (5 Suits),asaelr,Fey,padi,piper
217216,5,21,Special Mix (5 Suits),MarkusKahlsen,melwen,padi,will.i.am,Zakisan
217208,3,0,Light-Pink-Fives (3 Suits),melwen,padi,sephiroth
217201,3,13,Light-Pink-Fives (3 Suits),melwen,padi,sephiroth
216410,5,27,Dual-Color Mix,derekcheah,melwen,padi,pianoblook,swineherd
216374,6,27,Muddy-Rainbow-Ones & Dark Brown (6 Suits),kimbifille,Kyle,melwen,padi,scharkbite,TimeHoodie
216341,5,27,Muddy-Rainbow-Ones & Dark Brown (6 Suits),kimbifille,Kyle,padi,scharkbite,TimeHoodie
216324,5,26,Muddy-Rainbow-Ones & Dark Brown (6 Suits),kimbifille,Kyle,padi,scharkbite,TimeHoodie
216296,5,28,Muddy-Rainbow-Ones & Dark Brown (6 Suits),Floriman,kimbifille,padi,scharkbite,TimeHoodie
216266,5,29,Muddy-Rainbow-Ones & Dark Brown (6 Suits),Floriman,kimbifille,padi,scharkbite,TimeHoodie
216236,4,24,Up or Down & Muddy Rainbow (5 Suits),Fireheart,Floriman,padi,scharkbite
216096,2,23,Pink (6 Suits),Fey,padi
216091,2,0,Pink (6 Suits),Fey,padi
215828,3,0,Muddy-Rainbow-Ones & Rainbow (4 Suits),kooolant,padi,TheDaniMan
215785,3,18,Muddy-Rainbow-Ones & Rainbow (4 Suits),kooolant,padi,TheDaniMan
215763,5,0,No Variant,Kyle,micerang,padi,TheDaniMan,Zamiel
215487,4,0,Dual-Color (5 Suits),derekcheah,melwen,padi,swineherd
215474,4,23,Dual-Color (5 Suits),derekcheah,padi,sephiroth,swineherd
215187,3,24,Gray (5 Suits),asaelr,Kyle,padi
215178,3,0,Gray (5 Suits),asaelr,Kyle,padi
215173,3,22,Gray (5 Suits),asaelr,Kyle,padi
215166,3,0,Special Mix (5 Suits),Kyle,Livia,padi
215159,3,0,Special Mix (5 Suits),Kyle,Livia,padi
215152,3,0,Special Mix (5 Suits),Kyle,Livia,padi
214314,3,0,Ambiguous & Black (5 Suits),Livia,padi,TheDaniMan
214306,3,15,Ambiguous & White (3 Suits),Livia,padi,TheDaniMan
214282,3,30,Extremely Ambiguous & White (6 Suits),Livia,padi,TheDaniMan
214262,3,30,Dual-Color & White (6 Suits),Livia,padi,TheDaniMan
214122,3,25,White-Ones (5 Suits),asaelr,honzas,padi
214118,3,20,Rainbow-Ones (4 Suits),asaelr,honzas,padi
213323,6,23,Black (5 Suits),Kyle,NoMercy,padi,qbphoenix,scharkbite,Smandon
211948,6,22,Omni-Ones & Rainbow (5 Suits),MarkusKahlsen,melwen,padi,scharkbite,swineherd,will.i.am
211892,5,23,Omni-Ones & Rainbow (5 Suits),Kyle,melwen,padi,scharkbite,will.i.am
211829,6,23,Omni-Ones & Rainbow (5 Suits),Kyle,melwen,padi,scharkbite,swineherd,will.i.am
211804,4,0,Omni-Ones & Rainbow (5 Suits),melwen,padi,scharkbite,swineherd
211227,3,0,Dual-Color & White (6 Suits),Kyle,padi,TimeHoodie
210867,5,24,Black Reversed (5 Suits),MarkusKahlsen,melwen,padi,sephiroth,will.i.am
210833,4,0,Black Reversed (5 Suits),melwen,padi,sephiroth,will.i.am
210752,5,26,Null-Ones & Rainbow (6 Suits),Kyle,Lilliana,padi,sephiroth,Zakisan
210720,5,0,Null-Ones & Rainbow (6 Suits),Kyle,Lilliana,padi,sephiroth,Zakisan
210710,5,0,Null-Ones & Rainbow (6 Suits),Kyle,Lilliana,padi,sephiroth,Zakisan
210694,6,0,Dual-Color & Omni (6 Suits),Floriman,Kyle,Lilliana,padi,scharkbite,sephiroth
209692,5,24,Ambiguous & Pink (5 Suits),kooolant,Lilliana,Livia,padi,TheDaniMan
209675,5,23,Ambiguous & Pink (5 Suits),Animex52,Lilliana,Livia,padi,TheDaniMan
209606,4,0,Dual-Color & Muddy Rainbow (4 Suits),LaFayetteX,melwen,padi,TheDaniMan
209589,4,0,Dual-Color & Muddy Rainbow (4 Suits),LaFayetteX,melwen,padi,TheDaniMan
209578,5,17,Dual-Color & Muddy Rainbow (4 Suits),LaFayetteX,melwen,padi,TheDaniMan,TimeHoodie
209561,6,0,6 Suits,Cory,LaFayetteX,metta,Pablo-,padi,Zakisan
209559,6,30,6 Suits,Cory,LaFayetteX,metta,Pablo-,padi,Zakisan
208993,2,0,Black (5 Suits),padi,plus
208817,4,0,Pink & Brown (6 Suits),duckmammal,kimbifille,padi,Valetta6789
208790,4,0,Pink & Brown (6 Suits),duckmammal,kimbifille,padi,Valetta6789
208785,4,0,Pink & Brown (6 Suits),duckmammal,kimbifille,padi,Valetta6789
208773,5,0,Muddy Rainbow (5 Suits),duckmammal,kimbifille,Livia,padi,scharkbite
208757,4,0,Pink & Dark Brown (6 Suits),duckmammal,kimbifille,padi,scharkbite
208743,3,0,Pink & Dark Brown (6 Suits),duckmammal,kimbifille,padi
207979,3,24,No Variant,melwen,methmatics,padi
207942,3,0,No Variant,melwen,methmatics,padi
207925,3,24,No Variant,melwen,methmatics,padi
207876,4,0,Alternating Clues & Pink (6 Suits),Floriman,Livia,padi,Zamiel
207853,4,25,Black & Muddy Rainbow (5 Suits),Floriman,Livia,padi,Zamiel
207814,4,24,Alternating Clues (5 Suits),LaFayetteX,padi,sephiroth,will.i.am
207776,3,22,Alternating Clues (5 Suits),padi,sephiroth,will.i.am
207624,5,25,Clue Starved (5 Suits),melwen,padi,sephiroth,swineherd,will.i.am
207607,3,24,Clue Starved (5 Suits),padi,sephiroth,will.i.am
207157,4,27,Black & Muddy Rainbow (6 Suits),micerang,padi,scharkbite,Zamiel
207123,4,0,Black & Muddy Rainbow (6 Suits),micerang,padi,scharkbite,Zamiel
207111,4,0,Black & Muddy Rainbow (6 Suits),micerang,padi,scharkbite,Zamiel
206584,3,25,No Variant,padi,Smandon,Wittvector
206558,4,0,Black (6 Suits),asaelr,padi,Smandon,Wittvector
206546,4,0,Black (6 Suits),asaelr,padi,Smandon,Wittvector
206530,4,0,Black (6 Suits),asaelr,padi,Smandon,Wittvector
206468,4,0,Black (6 Suits),padi,sephiroth,Smandon,TheDaniMan
206458,4,0,Black (6 Suits),padi,sephiroth,Smandon,TheDaniMan
206438,4,0,Black (6 Suits),padi,sephiroth,Smandon,TheDaniMan
206422,4,0,Black (6 Suits),padi,sephiroth,Smandon,TheDaniMan
206318,6,25,Throw It in a Hole (5 Suits),Animex52,MarkusKahlsen,melwen,padi,piper,sephiroth
206269,5,0,White-Fives & Black (5 Suits),Dr_Kakashi,DrJones,Floriman,kimbifille,padi
205922,4,0,Duck (5 Suits),melwen,padi,scharkbite,sephiroth
205887,5,0,Duck (5 Suits),melwen,padi,qbphoenix,scharkbite,sephiroth
205871,5,0,Duck (5 Suits),melwen,padi,qbphoenix,scharkbite,sephiroth
205832,5,0,Duck (5 Suits),melwen,padi,qbphoenix,scharkbite,sephiroth
205475,5,23,Muddy Rainbow (5 Suits),newduke,padi,scharkbite,Smandon,TheDaniMan
205395,4,22,Muddy Rainbow (5 Suits),MarkusKahlsen,padi,Smandon,TheDaniMan
205352,3,0,Muddy Rainbow (5 Suits),MarkusKahlsen,padi,TheDaniMan
205327,3,22,Muddy Rainbow (5 Suits),MarkusKahlsen,padi,TheDaniMan
204277,2,28,Pink (6 Suits),padi,robense
204235,2,25,Pink (6 Suits),padi,robense
204213,2,26,Pink (6 Suits),padi,robense
204182,2,0,Pink (6 Suits),padi,robense
203887,3,23,No Variant,crossproduct,padi,Puzzle
203830,3,24,No Variant,crossproduct,padi,Puzzle
203800,3,21,Black (5 Suits),MarkusKahlsen,padi,robense
203326,2,15,3 Suits,padi,rs1
203292,3,14,3 Suits,newduke,padi,rs1
203268,3,14,3 Suits,newduke,padi,rs1
203238,3,14,3 Suits,newduke,padi,rs1
203216,3,0,3 Suits,claudiob,newduke,padi
203205,3,14,3 Suits,claudiob,newduke,padi
203170,3,13,3 Suits,claudiob,newduke,padi
202908,5,20,Reversed (4 Suits),melwen,Nitrate2,padi,TheDaniMan,Zamiel
202873,4,0,Black & Dark Pink (6 Suits),Dr_Kakashi,Floriman,kimbifille,padi
202868,4,0,Black & Dark Pink (6 Suits),Dr_Kakashi,Floriman,kimbifille,padi
202841,4,0,Black & Dark Pink (6 Suits),Dr_Kakashi,Floriman,kimbifille,padi
202822,4,0,Black & Dark Pink (6 Suits),Dr_Kakashi,Floriman,kimbifille,padi
202810,5,0,Black & Dark Pink (6 Suits),Dr_Kakashi,Floriman,kimbifille,padi,TimeHoodie
202798,4,0,Black & Dark Pink (6 Suits),Dr_Kakashi,kimbifille,padi,TimeHoodie
202748,3,0,Dual-Color Mix,Floriman,Kyle,padi
202725,3,0,Dual-Color Mix,Floriman,Kyle,padi
202706,3,0,Dual-Color Mix,Floriman,Kyle,padi
202675,6,0,Black & Dark Pink (6 Suits),Dr_Kakashi,Floriman,kimbifille,Kyle,padi,sin_faith
202563,5,29,Rainbow-Fives & Black (6 Suits),Dr_Kakashi,melwen,padi,sephiroth,TimeHoodie
201805,4,0,No Variant,crossproduct,Pablo-,padi,sseemaku
201750,3,25,No Variant,Pablo-,padi,sseemaku
201584,3,0,Rainbow & White (5 Suits),MarkusKahlsen,padi,sephiroth
201572,3,0,Rainbow & White (5 Suits),MarkusKahlsen,padi,sephiroth
201551,3,24,Rainbow & White (5 Suits),MarkusKahlsen,padi,sephiroth
201487,6,24,Rainbow Reversed (5 Suits),Dr_Kakashi,Kyle,padi,sin_faith,TheDaniMan,TimeHoodie
201466,6,0,Rainbow Reversed (5 Suits),Dr_Kakashi,Kyle,padi,sin_faith,TheDaniMan,TimeHoodie
201457,5,24,Rainbow Reversed (5 Suits),Dr_Kakashi,Kyle,padi,sin_faith,TimeHoodie
201409,5,18,Muddy-Rainbow-Fives & Rainbow (4 Suits),Kyle,melwen,padi,pianoblook,sephiroth
201402,4,0,Muddy-Rainbow-Fives & Rainbow (4 Suits),Kyle,padi,sephiroth,swineherd
200601,6,25,Clue Starved (5 Suits),Dr_Kakashi,kimbifille,kooolant,padi,scharkbite,TimeHoodie
200539,6,23,Clue Starved (5 Suits),Dr_Kakashi,kimbifille,kooolant,padi,scharkbite,TimeHoodie
200509,6,24,Clue Starved (5 Suits),Dr_Kakashi,kimbifille,kooolant,padi,scharkbite,TimeHoodie
200493,6,0,Clue Starved (5 Suits),Dr_Kakashi,kimbifille,kooolant,padi,scharkbite,TimeHoodie
200487,6,0,Clue Starved (5 Suits),Dr_Kakashi,kimbifille,kooolant,padi,scharkbite,TimeHoodie
200471,5,0,Clue Starved (5 Suits),Dr_Kakashi,kimbifille,kooolant,padi,TimeHoodie
200438,5,0,Clue Starved (5 Suits),Dr_Kakashi,kimbifille,kooolant,padi,TimeHoodie
200423,3,0,Clue Starved & White (5 Suits),Dr_Kakashi,kimbifille,padi
200419,3,0,Clue Starved & White (5 Suits),Dr_Kakashi,kimbifille,padi
200304,4,20,Brown-Fives & White (4 Suits),padi,swineherd,TheDaniMan,TimeHoodie
200284,4,0,No Variant,jerryK,padi,Puzzle,sephiroth
200266,5,30,Light Pink (6 Suits),MarkusKahlsen,Nitrate2,padi,swineherd,Zakisan
199512,4,25,No Variant,jerryK,padi,Puzzle,XMIL
199433,3,30,Rainbow & Gray (6 Suits),asaelr,Dr_Kakashi,padi
199382,4,30,Pink-Fives & White (6 Suits),asaelr,Dr_Kakashi,padi,TheDaniMan
199331,4,0,Pink-Fives & White (6 Suits),asaelr,Dr_Kakashi,padi,TheDaniMan
199303,4,29,Pink-Fives & White (6 Suits),asaelr,Dr_Kakashi,padi,TheDaniMan
199236,4,26,Black & Dark Pink (6 Suits),Dr_Kakashi,padi,TheDaniMan,Valetta6789
199174,4,0,Black & Dark Pink (6 Suits),Dr_Kakashi,padi,TheDaniMan,Valetta6789
199155,4,0,Black & Dark Pink (6 Suits),Dr_Kakashi,padi,TheDaniMan,Valetta6789
199117,4,0,Black & Dark Pink (6 Suits),Dr_Kakashi,Floriman,padi,postmans
199106,3,0,Black & Dark Pink (6 Suits),Dr_Kakashi,kooolant,padi
198610,3,25,No Variant,Kyle,padi,sylvia
198565,3,0,No Variant,Kyle,padi,sylvia
198517,3,0,No Variant,Kyle,padi,sylvia
198488,4,0,Light Pink & Dark Omni (6 Suits),Dr_Kakashi,kimbifille,Kyle,padi
198430,6,21,Gray (5 Suits),Dr_Kakashi,duckmammal,kimbifille,Kyle,micerang,padi
198028,3,0,Muddy Rainbow (4 Suits),kimbifille,Livia,padi
198005,5,0,3 Suits,Dr_Kakashi,kimbifille,Livia,padi,sin_faith
197950,5,0,3 Suits,Dr_Kakashi,Livia,padi,postmans,Zakisan
197946,5,0,3 Suits,Dr_Kakashi,Livia,padi,postmans,Zakisan
197942,5,13,3 Suits,Dr_Kakashi,Livia,padi,postmans,Zakisan
197935,5,0,3 Suits,Dr_Kakashi,Livia,Nils,padi,postmans
197931,5,12,3 Suits,Dr_Kakashi,Livia,Nils,padi,postmans
197925,5,11,3 Suits,asaelr,Dr_Kakashi,Livia,Nils,padi
197918,4,15,Pink (3 Suits),Dr_Kakashi,Livia,padi,sin_faith
197913,5,0,Muddy Rainbow (6 Suits),Dr_Kakashi,Jake_Stiles,Livia,padi,sin_faith
197910,5,0,Muddy Rainbow (6 Suits),Dr_Kakashi,Jake_Stiles,Livia,padi,sin_faith
197859,3,30,Gray (6 Suits),padi,postmans,sin_faith
197849,3,0,Black & Gray Pink (6 Suits),padi,postmans,sin_faith
196830,4,25,Clue Starved & White (5 Suits),Dr_Kakashi,kimbifille,padi,piper
195387,5,25,Rainbow (5 Suits),Floriman,florrat2,Lilliana,Livia,padi
195360,5,23,Rainbow (5 Suits),Floriman,florrat2,Lilliana,Livia,padi
195335,5,0,Dark Rainbow (5 Suits),Floriman,florrat2,Lilliana,Livia,padi
195290,5,0,Gray (6 Suits),Floriman,florrat2,Kyle,Livia,padi
195236,4,27,Gray (6 Suits),Floriman,florrat2,Livia,padi
195100,4,23,Special Mix (5 Suits),padi,sephiroth,sin_faith,will.i.am
194938,5,22,White-Ones & Brown (5 Suits),melwen,padi,robense,sephiroth,TimeHoodie
194172,3,0,Black Reversed (6 Suits),Lilliana,padi,TheDaniMan
194162,5,0,Black Reversed (6 Suits),asaelr,kooolant,padi,TheDaniMan,Zamiel
193939,4,24,White-Ones (5 Suits),kooolant,Lilliana,MarkusKahlsen,padi
193914,4,0,White-Ones (6 Suits),kooolant,Lilliana,padi,Zamiel
193912,4,0,White-Ones (6 Suits),kooolant,Lilliana,padi,Zamiel
193907,4,25,Brown-Fives (5 Suits),kooolant,Lilliana,padi,TimeHoodie
193890,5,23,Brown (5 Suits),kooolant,Lilliana,padi,TimeHoodie,will.i.am
193772,5,25,White (5 Suits),asaelr,hakha3,padi,sephiroth,Zakisan
193749,5,19,No Variant,Fey,Le_Codex,MarekU,padi,sephiroth
193101,3,24,No Variant,hakha3,newduke,padi
193068,4,23,No Variant,asaelr,newduke,padi,swineherd
192720,5,23,White (5 Suits),Animex52,Kyle,padi,will.i.am,Zakisan
192689,5,0,White (5 Suits),Animex52,Kyle,padi,will.i.am,Zakisan
192634,5,18,Light-Pink-Fives & Rainbow (4 Suits),MarkusKahlsen,padi,sephiroth,TimeHoodie,Zakisan
191727,5,30,White-Fives & Light Pink (6 Suits),Floriman,kooolant,padi,pianoblook,TimeHoodie
191673,5,0,White-Fives & Light Pink (6 Suits),Floriman,kooolant,padi,TimeHoodie,XMIL
191654,4,0,White-Fives & Light Pink (6 Suits),Floriman,kooolant,padi,XMIL
191621,4,23,Black & Brown (5 Suits),hakha3,padi,TheDaniMan,TimeHoodie
191608,4,0,Black & Brown (5 Suits),hakha3,padi,TheDaniMan,TimeHoodie
191547,4,24,Black & Brown (5 Suits),hakha3,padi,TimeHoodie,Zakisan
191489,2,0,3 Suits,padi,test
190581,3,30,Pink (6 Suits),MarkusKahlsen,padi,tyrcho
190553,4,20,Rainbow (4 Suits),Kyle,MarkusKahlsen,padi,tyrcho
190482,5,24,Brown (5 Suits),Nitrate2,padi,pianoblook,TimeHoodie,will.i.am
187851,2,30,White (6 Suits),padi,tyrcho
187836,2,0,White (6 Suits),padi,tyrcho
186472,3,0,Black & Rainbow (5 Suits),Floriman,padi,sephiroth
185138,3,20,Black & Rainbow (5 Suits),kimbifille,kooolant,padi
183943,2,0,Rainbow-Ones & Black (6 Suits),padi,Valetta6789
183924,2,27,Rainbow-Ones & Black (6 Suits),padi,Valetta6789
183865,3,22,Up or Down (5 Suits),Fey,frollo9386,padi
181352,4,26,Black (6 Suits),Floriman,padi,sephiroth,Zakisan
177177,5,17,Black (5 Suits),alphabeta,kimbifille,melwen,Nitrate2,padi
177128,5,0,Black (5 Suits),alphabeta,kimbifille,melwen,Nitrate2,padi
177107,5,0,Black (5 Suits),alphabeta,kimbifille,melwen,Nitrate2,padi
172888,4,24,Pink & White (5 Suits),Fey,kimbifille,kooolant,padi
172875,3,0,Pink & White (5 Suits),Fey,kooolant,padi
172864,4,25,Pink (5 Suits),Fey,Nitrate2,padi,will.i.am
172524,3,20,White & Light Pink (4 Suits),Dr_Kakashi,kooolant,padi
172483,3,0,White & Light Pink (4 Suits),Dr_Kakashi,kooolant,padi
172446,3,0,White & Light Pink (4 Suits),Dr_Kakashi,kooolant,padi
172426,3,0,White-Ones & Light Pink (5 Suits),Dr_Kakashi,padi,sin_faith
172144,5,23,Muddy-Rainbow-Ones & Light Pink (5 Suits),Dr_Kakashi,Kyle,padi,sin_faith,TimeHoodie
172105,5,0,Muddy-Rainbow-Ones & Light Pink (5 Suits),asaelr,Dr_Kakashi,padi,sin_faith,TimeHoodie
172085,4,0,Null-Ones & Muddy Rainbow (5 Suits),asaelr,Dr_Kakashi,padi,sin_faith
172076,4,0,Null-Ones & Muddy Rainbow (5 Suits),asaelr,Dr_Kakashi,padi,sin_faith
172064,4,0,Null-Ones & Muddy Rainbow (5 Suits),asaelr,padi,sin_faith,
172055,4,0,Null-Ones & Muddy Rainbow (5 Suits),asaelr,padi,sin_faith,
172048,3,30,Rainbow & White (6 Suits),asaelr,padi,sin_faith
172028,3,0,Rainbow & White (6 Suits),asaelr,padi,sin_faith
171975,6,23,White & Light Pink (5 Suits),kimbifille,kooolant,padi,TheDaniMan,XMIL,Zakisan
171939,5,0,White & Light Pink (4 Suits),kimbifille,kooolant,padi,TheDaniMan,Zakisan
171901,5,16,White & Light Pink (4 Suits),Fey,kimbifille,kooolant,padi,TheDaniMan
171847,4,25,White & Light Pink (5 Suits),kimbifille,kooolant,padi,TheDaniMan
171825,5,0,White & Light Pink (5 Suits),Dr_Kakashi,kimbifille,kooolant,padi,TheDaniMan
171721,4,23,No Variant,Nitrate2,padi,prangle,XMIL
170935,2,0,Dual-Color & Rainbow (4 Suits),padi,test
170533,4,23,Omni (5 Suits),Animex52,Dr_Kakashi,Livia,padi
170481,3,18,Dual-Color & Rainbow (4 Suits),Dr_Kakashi,Livia,padi
170463,3,0,Dual-Color & Rainbow (4 Suits),Dr_Kakashi,Livia,padi
170451,3,0,Dual-Color & Rainbow (4 Suits),Dr_Kakashi,Livia,padi
170347,5,0,Brown & Gray Pink (6 Suits),Kyle,Nils,padi,TheDaniMan,TimeHoodie
170324,6,0,Brown & Gray Pink (6 Suits),kooolant,Kyle,Nils,padi,TheDaniMan,TimeHoodie
168852,3,0,Null (5 Suits),Dr_Kakashi,Livia,padi
168844,3,0,Null (5 Suits),Dr_Kakashi,Livia,padi
168832,3,0,Null (5 Suits),Dr_Kakashi,Livia,padi
168828,3,0,Null (5 Suits),Dr_Kakashi,Livia,padi
168813,3,0,Null (5 Suits),Dr_Kakashi,Livia,padi
168808,3,0,Null (5 Suits),Dr_Kakashi,Livia,padi
168789,3,0,Null (5 Suits),Dr_Kakashi,Livia,padi
168761,3,0,Null (5 Suits),Dr_Kakashi,Livia,padi
168751,3,0,Null (5 Suits),Dr_Kakashi,Livia,padi
168735,3,0,Null (5 Suits),Dr_Kakashi,Livia,padi
168724,3,0,Null (5 Suits),Dr_Kakashi,Livia,padi
168698,3,0,Omni-Fives & Pink (6 Suits),Livia,padi,scharkbite
168668,3,0,Omni-Fives & Pink (6 Suits),Livia,padi,scharkbite
168549,4,28,Dark Brown (6 Suits),Dr_Kakashi,IAMJEFF,Livia,padi
168529,4,0,Dark Brown (6 Suits),Dr_Kakashi,IAMJEFF,Livia,padi
168522,4,0,Dark Brown (6 Suits),Dr_Kakashi,IAMJEFF,Livia,padi
168521,4,0,Dark Brown (6 Suits),Dr_Kakashi,IAMJEFF,Livia,padi
167475,4,0,No Variant,duckmammal,lotem,padi,sin_faith
167472,4,0,No Variant,duckmammal,lotem,padi,sin_faith
167467,4,0,No Variant,duckmammal,lotem,padi,sin_faith
167466,4,0,No Variant,duckmammal,lotem,padi,sin_faith
167461,4,0,No Variant,duckmammal,lotem,padi,sin_faith
167458,4,0,No Variant,duckmammal,lotem,padi,sin_faith
167455,4,0,No Variant,duckmammal,lotem,padi,sin_faith
167450,4,0,No Variant,duckmammal,lotem,padi,sin_faith
167445,4,0,No Variant,duckmammal,lotem,padi,sin_faith
167438,4,0,No Variant,duckmammal,lotem,padi,sin_faith
167433,4,0,No Variant,duckmammal,lotem,padi,sin_faith
167423,4,0,No Variant,duckmammal,lotem,padi,sin_faith
167414,3,0,No Variant,duckmammal,lotem,padi
167407,3,0,No Variant,duckmammal,lotem,padi
167399,5,24,No Variant,duckmammal,Floriman,lotem,padi,sin_faith
167394,5,0,No Variant,duckmammal,Floriman,lotem,padi,sin_faith
167389,5,0,No Variant,duckmammal,Floriman,lotem,padi,sin_faith
167384,5,0,No Variant,duckmammal,Floriman,lotem,padi,sin_faith
167379,6,0,No Variant,duckmammal,Floriman,lotem,micerang,padi,sin_faith
167375,6,0,No Variant,duckmammal,Floriman,lotem,micerang,padi,sin_faith
167372,4,0,No Variant,Floriman,micerang,padi,sin_faith
167369,4,0,No Variant,Floriman,micerang,padi,sin_faith
167365,4,24,No Variant,Floriman,micerang,padi,sin_faith
167363,4,0,No Variant,Floriman,micerang,padi,sin_faith
167362,3,0,No Variant,Floriman,padi,sin_faith
167360,3,0,No Variant,Floriman,padi,sin_faith
167357,3,0,No Variant,Floriman,padi,sin_faith
167353,3,0,No Variant,Floriman,padi,sin_faith
167340,6,20,No Variant,Floriman,LaFayetteX,padi,SDPoisson,sin_faith,TheDaniMan
167335,6,0,No Variant,Floriman,LaFayetteX,padi,SDPoisson,sin_faith,TheDaniMan
167317,6,21,Light-Pink-Ones (5 Suits),alphabeta,CastlesInTheAir,lotem,padi,scharkbite,TimeHoodie
167269,5,20,Light-Pink-Ones (5 Suits),alphabeta,CastlesInTheAir,padi,scharkbite,TimeHoodie
163628,5,30,Brown (6 Suits),Iullo,kalisa,Nitrate2,padi,XMIL
161497,6,24,No Variant,claudiob,dontmacme,melwen,padi,TheDaniMan,XMIL
160756,3,24,Up or Down & Pink (5 Suits),lotem,padi,Valetta6789
160378,5,25,Muddy Rainbow (5 Suits),Iullo,kooolant,padi,robense,TimeHoodie
158643,4,25,Light-Pink-Ones & Muddy Rainbow (5 Suits),LaFayetteX,padi,scharkbite,sin_faith
157372,4,20,Black (5 Suits),padi,plus,scharkbite,TimeHoodie
157336,4,21,Black (5 Suits),padi,plus,scharkbite,TimeHoodie
157293,6,27,Black (6 Suits),Floriman,Kyle,padi,plus,scharkbite,XMIL
157260,4,0,Black (5 Suits),Floriman,Kyle,padi,scharkbite
157253,3,0,Black (5 Suits),Floriman,Kyle,padi
157252,3,0,Black (5 Suits),Floriman,Kyle,padi
157226,4,29,Black (6 Suits),ADrone,Kyle,padi,Zakisan
156128,6,24,Black & Rainbow (5 Suits),Libster,lotem,padi,sin_faith,TimeHoodie,Valetta6789
156056,4,25,No Variant,Kyle,padi,sin_faith,TimeHoodie
155931,5,0,Special Mix (5 Suits),Kyle,lotem,padi,sin_faith,TimeHoodie
155926,5,0,Special Mix (5 Suits),Kyle,lotem,padi,sin_faith,TimeHoodie
155921,5,0,Black & Brown (6 Suits),Kyle,LaFayetteX,padi,sin_faith,TimeHoodie
154604,5,25,Rainbow-Ones & White (5 Suits),asaelr,Kyle,padi,sin_faith,Valetta6789
153483,5,20,Brown (4 Suits),Fireheart,padi,plus,scharkbite,Valetta6789
153459,5,0,Brown (4 Suits),Fireheart,padi,plus,scharkbite,Valetta6789
153442,5,16,Brown (4 Suits),Fireheart,padi,plus,scharkbite,Valetta6789
153401,5,16,Brown (4 Suits),Fireheart,padi,plus,scharkbite,Valetta6789
153031,6,26,Black (6 Suits),alphabeta,asaelr,Iullo,LaFayetteX,padi,robense
152132,3,0,Special Mix (5 Suits),lotem,padi,scharkbite
152091,4,0,Special Mix (5 Suits),lotem,padi,scharkbite,sin_faith
152040,4,0,Special Mix (5 Suits),lotem,padi,scharkbite,sin_faith
152009,4,0,Special Mix (5 Suits),lotem,padi,scharkbite,sin_faith
151975,4,27,Brown & Omni (6 Suits),kimbifille,kooolant,padi,Romain672
151794,5,29,Black (6 Suits),Animex52,arnino,hakha3,padi,TimeHoodie
150812,3,20,Special Mix (5 Suits),honzas,lotem,padi
150276,3,21,Special Mix (5 Suits),honzas,padi,sin_faith
150201,5,24,No Variant,Maverick,padi,Spieler42,TimeHoodie,Zakisan
150171,5,22,No Variant,eevee,padi,Spieler42,TimeHoodie,Zakisan
150136,2,0,No Variant,padi,Spieler42
148970,5,0,Rainbow (5 Suits),honzas,kalisa,micerang,padi,scharkbite
147083,4,29,Up or Down & Rainbow (6 Suits),hakha3,NotAdmitted,padi,plus
146775,6,30,Rainbow (6 Suits),CastlesInTheAir,DrJones,honzas,Nitrate2,padi,TimeHoodie
145565,3,30,Dark Pink (6 Suits),asaelr,Dr_Kakashi,padi
145544,3,0,Dark Pink (6 Suits),asaelr,Dr_Kakashi,padi
145090,4,0,Light Pink (5 Suits),Kyle,NoAnni,padi,Valetta6789
145050,2,23,No Variant,Kyle,padi
145044,2,23,No Variant,Kyle,padi
143690,4,30,Rainbow (6 Suits),asaelr,Fireheart,Kyle,padi
142543,4,24,Rainbow (5 Suits),Buds,Kingstom,padi,sin_faith
142389,3,29,White & Dark Null (6 Suits),padi,scharkbite,sin_faith
141435,4,28,Rainbow (6 Suits),alphabeta,Nitrate2,padi,Sucubis
141402,3,0,Rainbow (6 Suits),alphabeta,Nitrate2,padi
141095,3,30,Rainbow (6 Suits),Floriman,padi,robense
140585,3,20,Black (5 Suits),alphabeta,padi,pianoblook
140529,4,0,Black (5 Suits),alphabeta,claudiob,kalisa,padi
140269,5,0,Black (6 Suits),asaelr,honzas,joaep2,lotem,padi
140220,5,0,Black (6 Suits),asaelr,honzas,joaep2,lotem,padi
140195,6,0,Black (6 Suits),asaelr,Dr_Kakashi,honzas,joaep2,lotem,padi
140171,5,0,Muddy Rainbow (5 Suits),asaelr,Dr_Kakashi,honzas,joaep2,padi
140156,5,25,Pink & Muddy Rainbow (5 Suits),asaelr,Dr_Kakashi,Fireheart,Floriman,padi
140109,3,22,No Variant,claudiob,Floriman,padi
138665,6,28,Up or Down (6 Suits),honzas,Kyle,lotem,padi,scharkbite,XMIL
138566,6,28,Up or Down (6 Suits),honzas,Kyle,lotem,padi,scharkbite,XMIL
136865,3,22,Black (5 Suits),lrovner,maxnorris13,padi
136759,3,21,Black (5 Suits),lrovner,maxnorris13,padi
136152,3,28,6 Suits,Iullo,LaFayetteX,padi
136024,4,25,No Variant,Animex52,MarkusKahlsen,padi,Zamiel
135984,4,0,Rainbow & Gray (6 Suits),Animex52,Feer,padi,Zamiel
135968,3,0,White-Ones & Rainbow (5 Suits),Feer,padi,Zamiel
135715,5,0,Pink-Ones & White (6 Suits),arnino,Dr_Kakashi,letical,padi,sin_faith
135690,5,0,Pink-Ones & White (6 Suits),arnino,Dr_Kakashi,letical,padi,sin_faith
135681,5,0,Pink-Ones & White (6 Suits),arnino,Dr_Kakashi,letical,padi,sin_faith
134903,3,24,Dark Rainbow (5 Suits),ADrone,fishcat,padi
134826,3,23,Up or Down & Rainbow (5 Suits),Floriman,Libster,padi
134771,4,29,Gray (6 Suits),Feer,Floriman,padi,Yuga Suggah
134732,3,30,Black (6 Suits),Feer,padi,Yuga Suggah
134371,5,0,6 Suits,Dr_Kakashi,LaFayetteX,padi,sin_faith,sjdrodge
134362,5,0,6 Suits,Dr_Kakashi,LaFayetteX,padi,sin_faith,sjdrodge
134355,5,0,6 Suits,Dr_Kakashi,LaFayetteX,padi,sin_faith,sjdrodge
133823,4,0,Black (6 Suits),JDepp,joaep2,melwen,padi
133733,4,0,Black (6 Suits),invarse,joaep2,melwen,padi
133646,5,0,Black & White (6 Suits),aladdin3,Dr_Kakashi,duckmammal,Kyle,padi
133640,5,0,Black & White (6 Suits),aladdin3,Dr_Kakashi,duckmammal,Kyle,padi
133347,5,27,6 Suits,alphabeta,asaelr,JDepp,padi,sin_faith
133273,6,0,No Variant,alphabeta,asaelr,JDepp,Nils,padi,sin_faith
133233,6,24,No Variant,alphabeta,asaelr,JDepp,Nils,padi,sin_faith
132793,5,22,Gray (5 Suits),DoubleDown11,joaep2,maxnorris13,padi,Yuga Suggah
132752,5,0,Gray (5 Suits),DoubleDown11,joaep2,maxnorris13,padi,Yuga Suggah
132695,2,14,Duck (3 Suits),DoubleDown11,padi
131965,5,0,No Variant,alphabeta,padi,piper,XMIL,Yuga Suggah
130730,5,0,6 Suits,ADrone,Dr_Kakashi,Floriman,padi,sin_faith
130633,3,25,Light Pink (5 Suits),ADrone,padi,sin_faith
128166,5,24,No Variant,honzas,joaep2,padi,piper,QueenVic
128086,2,27,Pink (6 Suits),padi,piper
127785,4,30,Rainbow (6 Suits),asaelr,micerang,padi,Yuga Suggah
127732,5,0,Rainbow (6 Suits),asaelr,micerang,padi,piper,Yuga Suggah
127680,5,0,Rainbow (6 Suits),asaelr,micerang,padi,piper,Yuga Suggah
127599,4,29,Pink (6 Suits),maxnorris13,padi,piper,robense
127228,4,25,Throw It in a Hole (5 Suits),Fey,kimbifille,kooolant,padi
127192,4,30,6 Suits,Fey,kimbifille,kooolant,padi
124613,3,0,Cow & Pig (3 Suits),kimbifille,kooolant,padi
124586,3,13,Cow & Pig (3 Suits),kimbifille,kooolant,padi
124556,3,13,Cow & Pig (3 Suits),kimbifille,kooolant,padi
124528,3,0,Cow & Pig (3 Suits),kimbifille,kooolant,padi
124338,6,29,White & Brown (6 Suits),Dr_Kakashi,Floriman,honzas,Kyle,padi,sin_faith
124300,6,0,White & Brown (6 Suits),Dr_Kakashi,Floriman,honzas,Kyle,padi,sin_faith
124270,5,0,Brown (6 Suits),Dr_Kakashi,Kyle,LaFayetteX,padi,sin_faith
124256,5,0,Brown (6 Suits),Dr_Kakashi,Kyle,LaFayetteX,padi,sin_faith
124253,5,0,Brown (6 Suits),Dr_Kakashi,Kyle,LaFayetteX,padi,sin_faith
124245,2,0,Throw It in a Hole (5 Suits),Kyle,padi
124241,2,0,Throw It in a Hole (5 Suits),Kyle,padi
124239,2,0,Throw It in a Hole (5 Suits),Kyle,padi
123379,5,20,Up or Down (5 Suits),Floriman,Kyle,lotem,padi,sin_faith
123347,5,0,Up or Down (5 Suits),Floriman,Kyle,lotem,padi,sin_faith
123333,4,0,Duck (5 Suits),Kyle,padi,scharkbite,sin_faith
123118,4,0,No Variant,JDepp,Othnia,padi,XMIL
123069,3,20,No Variant,maia,padi,XMIL
122972,4,15,3 Suits,bunny_in_a_hat,charmander,duckmammal,padi
122955,4,0,3 Suits,bunny_in_a_hat,charmander,duckmammal,padi
122948,4,0,3 Suits,bunny_in_a_hat,charmander,duckmammal,padi
122941,4,0,3 Suits,bunny_in_a_hat,charmander,duckmammal,padi
122925,5,0,4 Suits,bunny_in_a_hat,charmander,MarkusKahlsen,padi,robense
122547,3,22,Up or Down (5 Suits),MasN,padi,XMIL
122498,3,0,Up or Down (5 Suits),MasN,padi,XMIL
122445,4,0,Black (5 Suits),MasN,padi,XMIL,Yuga Suggah
122398,3,0,Black (6 Suits),padi,XMIL,Yuga Suggah
122344,3,25,No Variant,padi,XMIL,Yuga Suggah
121889,5,0,No Variant,honzas,JDepp,Kyle,padi,XMIL
121006,5,0,Pink (6 Suits),aladdin3,JDepp,lotem,micerang,padi
120982,5,0,Pink (6 Suits),aladdin3,JDepp,lotem,micerang,padi
120958,5,29,Pink (6 Suits),aladdin3,Kyle,Libster,micerang,padi
120635,5,27,Black (6 Suits),JDepp,letical,NoAnni,padi,robense
120529,5,23,No Variant,Kyle,MarkusKahlsen,padi,XMIL,Yuga Suggah
120423,3,0,No Variant,Nils,padi,robense
119655,4,23,Dark Pink (5 Suits),asaelr,Kyle,letical,padi
113604,3,30,6 Suits,ADrone,joaep2,padi
112848,6,24,Brown (5 Suits),Floriman,Nils,padi,scharkbite,sin_faith,Yuga Suggah
112788,5,24,Brown (5 Suits),Kyle,padi,scharkbite,sin_faith,Yuga Suggah
112752,2,0,Up or Down & Omni (6 Suits),padi,Yuga Suggah
112743,2,0,Up or Down & Omni (6 Suits),padi,Yuga Suggah
112623,5,22,No Variant,arnino,Elatekur,Kyle,padi,sin_faith
112281,4,30,Rainbow (6 Suits),joaep2,padi,rfrank27,smallman
112207,4,0,Rainbow (6 Suits),claudiob,padi,rfrank27,smallman
111557,2,22,Throw It in a Hole (5 Suits),padi,Yuga Suggah
111539,5,0,Throw It in a Hole (4 Suits),duckmammal,Kyle,padi,YacineH,Yuga Suggah
111535,4,0,Throw It in a Hole (4 Suits),duckmammal,Kyle,padi,YacineH
111075,5,22,Rainbow (5 Suits),claudiob,JDepp,joaep2,padi,TimeHoodie
110081,5,25,No Variant,hanabornoob,Nils,padi,robense,sin_faith
110054,3,0,No Variant,Nils,padi,sin_faith
109087,2,25,Rainbow (5 Suits),padi,YacineH
109038,2,22,Rainbow (5 Suits),padi,YacineH
107801,4,30,6 Suits,ADrone,aladdin3,padi,Sucubis
107665,4,30,Rainbow (6 Suits),Nitrate,padi,sin_faith,Zakisan
107438,4,25,Black & White (5 Suits),ADrone,Floriman,padi,scharkbite
107376,4,0,Black & White (6 Suits),ADrone,Floriman,padi,scharkbite
106352,4,0,White (5 Suits),alphabeta,Nils,padi,Yuga Suggah
106309,6,0,6 Suits,alphabeta,Nils,Othnia,padi,piper,Yuga Suggah
106268,6,0,6 Suits,alphabeta,Nils,Othnia,padi,piper,Yuga Suggah
106043,4,0,Black (6 Suits),ADrone,elperzon,padi,robense
105845,3,0,6 Suits,asaelr,padi,robense
105495,5,25,No Variant,DoubleDown11,letical,padi,Sucubis,Yuga Suggah
105390,3,0,6 Suits,JDepp,joaep2,padi
105317,2,24,Rainbow (5 Suits),joaep2,padi
105146,4,0,Black & White (5 Suits),micerang,padi,Yeesh,Yuga Suggah
104778,5,25,Pink (5 Suits),duckmammal,padi,pianoblook,sankala fan,sin_faith
104762,5,28,6 Suits,CompleteTrust,padi,pianoblook,sin_faith,Zakisan
104231,3,25,Black & White (5 Suits),micerang,padi,scharkbite
104194,3,0,Black & White (5 Suits),micerang,padi,scharkbite
104161,3,23,Black & White (5 Suits),micerang,padi,scharkbite
104046,4,0,Black & White (5 Suits),asaelr,padi,sin_faith,YacineH
103653,2,0,Null & Muddy Rainbow (3 Suits),hanabornoob,padi
103643,2,0,Null & Muddy Rainbow (3 Suits),hanabornoob,padi
103527,5,18,Black (5 Suits),letical,maxnorris13,padi,sin_faith,Zakisan
103223,5,30,White (6 Suits),ADrone,micerang,padi,TimeHoodie,Yuga Suggah
102665,4,30,Rainbow-Ones (6 Suits),duckmammal,Floriman,padi,sin_faith
102628,4,0,Throw It in a Hole (5 Suits),Dr_Kakashi,duckmammal,FullPunish,padi
102597,3,22,Throw It in a Hole (5 Suits),duckmammal,FullPunish,padi
102143,2,25,Black & White (5 Suits),kodomazer,padi
102109,6,28,Brown (6 Suits),Dr_Kakashi,kodomazer,Kyle,padi,sin_faith,Yuga Suggah
102074,6,0,Brown (6 Suits),Dr_Kakashi,kodomazer,Kyle,padi,sin_faith,Yuga Suggah
101792,4,0,Rainbow & White (5 Suits),Jake_Stiles,padi,scharkbite,YacineH
101751,3,0,Rainbow & White (6 Suits),Jake_Stiles,padi,YacineH
101718,3,0,Rainbow & White (6 Suits),Jake_Stiles,padi,YacineH
101481,4,25,No Variant,kodomazer,padi,Pimak,Zakisan
101379,4,20,White-Ones & White (4 Suits),Floriman,IAMJEFF,padi,Sucubis
101365,4,0,White-Ones & White (4 Suits),Floriman,IAMJEFF,padi,Sucubis
101355,3,0,White-Ones & White (4 Suits),Floriman,padi,Sucubis
101348,3,25,Brown (5 Suits),Floriman,padi,Sucubis
101336,4,0,Brown (5 Suits),Floriman,Jake_Stiles,padi,Sucubis
101333,4,0,Brown (5 Suits),Floriman,Jake_Stiles,padi,Sucubis
100576,3,25,No Variant,aladdin3,cg505,padi
100492,3,0,No Variant,aladdin3,cg505,padi
100246,3,0,Rainbow (6 Suits),Ahming,joaep2,padi
100220,3,0,Rainbow (6 Suits),Ahming,joaep2,padi
100048,4,20,4 Suits,Nils,padi,sin_faith,TimeHoodie
99008,4,23,Rainbow (5 Suits),micerang,padi,sckuzzle,YacineH
98986,4,0,Rainbow (5 Suits),micerang,padi,sckuzzle,YacineH
98952,5,0,White (6 Suits),Dr_Kakashi,Livia,micerang,padi,scharkbite
98866,6,0,No Variant,CompleteTrust,Floriman,padi,str8away,TimeHoodie,Yuga Suggah
97702,3,24,No Variant,JDepp,letical,padi
97695,3,0,No Variant,JDepp,letical,padi
97673,3,25,No Variant,Dr_Kakashi,padi,Zakisan
97668,3,30,Rainbow-Ones & Brown (6 Suits),Dr_Kakashi,IAMJEFF,padi
97405,4,15,Rainbow (4 Suits),DoubleDown11,padi,sckuzzle,sin_faith
97369,3,0,Rainbow (4 Suits),imel,padi,sckuzzle
97244,4,0,No Variant,mdave3927,munchkin6,padi,sckuzzle
96654,4,0,Dark Rainbow (5 Suits),ADrone,DoubleDown11,padi,pianoblook
96624,4,0,Dark Rainbow (5 Suits),ADrone,DoubleDown11,padi,pianoblook
96605,4,0,Dark Rainbow (5 Suits),ADrone,DoubleDown11,padi,pianoblook
96583,2,21,Black & White (5 Suits),kealariser,padi
96500,5,24,No Variant,asaelr,JDepp,Nitrate,padi,pianoblook
96472,3,0,No Variant,asaelr,JDepp,padi
96411,5,0,Black & Brown (6 Suits),Fireheart,Floriman,Jake_Stiles,padi,Valetta6789
96391,5,0,Black & Brown (6 Suits),Fireheart,Floriman,Jake_Stiles,padi,Valetta6789
96377,5,0,Black & Brown (6 Suits),Fireheart,Floriman,Jake_Stiles,padi,Valetta6789
96365,5,0,Black & Brown (6 Suits),Fireheart,Floriman,Jake_Stiles,padi,Valetta6789
96344,6,0,Black & Brown (6 Suits),Fireheart,Floriman,Jake_Stiles,Livia,padi,Valetta6789
96257,4,22,No Variant,ADrone,DoubleDown11,Floriman,padi
96218,4,0,No Variant,DoubleDown11,Floriman,JDepp,padi
96200,4,22,No Variant,DoubleDown11,JDepp,padi,superbipbip
96176,4,0,No Variant,DoubleDown11,JDepp,Nitrate,padi
95764,4,0,No Variant,elperzon,JDepp,padi,robense
95756,3,22,No Variant,elperzon,JDepp,padi
95534,4,0,White & Omni (6 Suits),duckmammal,Livia,padi,Zamiel
95512,5,18,White & Brown (4 Suits),duckmammal,Libster,Livia,padi,Zamiel
95428,4,25,No Variant,elperzon,Nitrate,padi,YacineH
95374,5,0,No Variant,camplise,Nitrate,other,padi,YacineH
95336,4,22,No Variant,ingakristina,Nitrate,padi,YacineH
95266,4,18,White & Brown (4 Suits),ADrone,Livia,padi,TimeHoodie
95237,4,19,White & Brown (4 Suits),ADrone,Livia,padi,TimeHoodie
95211,4,0,White & Brown (4 Suits),ADrone,Livia,padi,TimeHoodie
95189,3,0,No Variant,elperzon,JDepp,padi
95180,4,0,No Variant,elperzon,JDepp,other,padi
95174,4,0,No Variant,elperzon,JDepp,other,padi
94966,3,28,Black & White (6 Suits),honzas,padi,scharkbite
94945,4,0,Black & White (6 Suits),DoubleDown11,honzas,padi,scharkbite
94926,4,28,Black & White (6 Suits),DoubleDown11,honzas,padi,scharkbite
94389,5,26,6 Suits,aladdin3,Floriman,Libster,Nils,padi
94368,4,0,6 Suits,aladdin3,Floriman,Nils,padi
94344,6,0,No Variant,charmander,fow,Nils,padi,Pimak,sin_faith
94327,4,0,No Variant,padi,Pimak,sin_faith,YacineH
94032,6,30,Rainbow (6 Suits),DoubleDown11,joaep2,MasN,padi,RaKXeR,scharkbite
93985,5,24,No Variant,joaep2,MasN,padi,RaKXeR,scharkbite
93914,5,0,Light Pink (5 Suits),asaelr,IAMJEFF,MasN,padi,scharkbite
93901,5,0,Light Pink (5 Suits),asaelr,IAMJEFF,MasN,padi,scharkbite
93875,5,19,Pink (4 Suits),asaelr,IAMJEFF,micerang,padi,scharkbite
93761,5,22,Rainbow & Pink (5 Suits),ADrone,fishcat,Floriman,padi,pianoblook
93480,4,24,No Variant,asaelr,padi,sckuzzle,YacineH
93467,3,0,Rainbow (5 Suits),asaelr,padi,YacineH
93413,2,25,No Variant,padi,robense
93183,4,0,No Variant,DoubleDown11,elperzon,letical,padi
93146,4,0,No Variant,DoubleDown11,elperzon,letical,padi
93110,3,0,No Variant,DoubleDown11,elperzon,padi
93010,5,24,White & Brown (5 Suits),aladdin3,Fireheart,Livia,micerang,padi
92992,5,24,Pink (5 Suits),aladdin3,Livia,micerang,padi,sckuzzle_2
92498,5,0,White (6 Suits),DoubleDown11,Fireheart,letical,micerang,padi
92472,4,28,Black (6 Suits),DoubleDown11,Fireheart,micerang,padi
92454,3,0,Dark Brown (6 Suits),DoubleDown11,micerang,padi
92448,5,0,Dark Brown (6 Suits),DoubleDown11,Fireheart,Kyle,micerang,padi
92445,4,0,Rainbow & Pink (5 Suits),Fireheart,Kyle,micerang,padi
92431,4,24,Rainbow & Pink (5 Suits),Fireheart,Kyle,micerang,padi
92407,4,23,Rainbow & Pink (5 Suits),Fireheart,Kyle,micerang,padi
92298,3,29,6 Suits,kodomazer,padi,sckuzzle
92262,3,28,6 Suits,kodomazer,padi,sckuzzle
92217,4,25,No Variant,corano500,kodomazer,padi,sckuzzle
92185,2,18,White & Brown (4 Suits),padi,Yuga Suggah
92162,2,0,White & Brown (4 Suits),padi,Yuga Suggah
92147,2,18,White & Brown (4 Suits),padi,Yuga Suggah
92138,2,0,Rainbow (4 Suits),padi,Yuga Suggah
92118,2,20,Rainbow (4 Suits),padi,Yuga Suggah
92101,2,19,Rainbow (4 Suits),padi,Yuga Suggah
92055,2,24,No Variant,padi,shem
91704,5,24,No Variant,Kyle,letical,Nitrate,padi,Yuga Suggah
91687,6,25,No Variant,asaelr,letical,MasN,Nitrate,padi,Yuga Suggah
91665,6,0,No Variant,asaelr,letical,MasN,Nitrate,padi,Yuga Suggah
91655,5,0,No Variant,asaelr,letical,MasN,Nitrate,padi
91647,4,0,No Variant,asaelr,letical,MasN,padi
91646,4,0,No Variant,asaelr,letical,MasN,padi
91605,5,23,No Variant,asaelr,Floriman,padi,RaKXeR,Yuga Suggah
91582,5,24,No Variant,asaelr,Floriman,padi,scharkbite,Yuga Suggah
91415,5,19,No Variant,ADrone,padi,robense,sckuzzle,zhao.zhang
91111,4,30,White (6 Suits),aladdin3,Kyle,padi,Yuga Suggah
91065,2,0,White (6 Suits),padi,Yuga Suggah
91048,2,0,White (6 Suits),padi,Yuga Suggah
90986,5,22,No Variant,ADrone,Kyle,padi,pianoblook,yaiir
90965,2,23,No Variant,padi,yaiir
90867,5,0,No Variant,alejo7797,Libster,Nitrate,padi,sckuzzle
90853,5,21,No Variant,Nitrate,padi,sckuzzle,shem,yaiir
90845,5,0,No Variant,MasN,Nitrate,padi,sckuzzle,yaiir
90522,3,24,No Variant,aladdin3,letical,padi
90352,6,25,No Variant,duckmammal,Kyle,padi,sckuzzle,Teferi,yaiir
90310,3,0,Black & White (5 Suits),Kyle,MasN,padi
90294,2,28,Ambiguous (6 Suits),Kyle,padi
90290,2,0,Ambiguous (6 Suits),Kyle,padi
90289,2,20,Ambiguous (4 Suits),Kyle,padi
89909,4,0,No Variant,joaep2,kealariser,padi,yaiir
89884,4,0,No Variant,joaep2,kealariser,padi,yaiir
89877,3,0,No Variant,kealariser,padi,yaiir
89852,4,0,Ambiguous (4 Suits),aladdin3,duckmammal,letical,padi
89842,4,24,Black (5 Suits),aladdin3,duckmammal,letical,padi
89530,3,0,No Variant,padi,shem,yaiir
89518,5,25,No Variant,aladdin3,Kyle,Libster,Nitrate,padi
89512,3,20,Gray (5 Suits),aladdin3,Nitrate,padi
89511,2,0,Gray (5 Suits),Nitrate,padi
89509,4,0,No Variant,letical,padi,Shemetz,yaiir
89506,4,0,No Variant,letical,padi,Shemetz,yaiir
89446,3,25,Pink (5 Suits),DoubleDown11,kodomazer,padi
89439,2,30,Black (6 Suits),DoubleDown11,padi
89294,4,24,No Variant,asaelr,Kyle,padi,Shos
89270,4,0,No Variant,asaelr,Kyle,padi,Shos
89247,6,0,No Variant,ADrone,asaelr,Kyle,Libster,padi,Shos
88630,6,23,No Variant,DoubleDown11,duckmammal,kealariser,lailie.ahava,padi,pianoblook
88624,6,0,No Variant,duckmammal,kealariser,kodomazer,lailie.ahava,padi,pianoblook
88619,5,23,No Variant,duckmammal,kealariser,Kyle,lailie.ahava,padi
88532,4,27,Black (6 Suits),Floriman,Kyle,Maiorskills,padi
88531,4,24,No Variant,Elatekur,Kyle,Maiorskills,padi
88530,3,0,No Variant,GamerSKTrashCan,Kyle,padi
88529,3,0,Up or Down & Brown (5 Suits),GamerSKTrashCan,Kyle,padi
88517,2,20,4 Suits,ADrone,padi
88516,2,0,4 Suits,ADrone,padi
88022,3,24,No Variant,Elatekur,letical,padi
87980,5,27,Black & White (6 Suits),aladdin3,DoubleDown11,duckmammal,Floriman,padi
87971,4,0,Null (6 Suits),Floriman,kodomazer,Kyle,padi
87969,4,0,Null (6 Suits),Floriman,kodomazer,Kyle,padi
87954,4,25,No Variant,kodomazer,Kyle,padi,Shos
87943,4,25,No Variant,Floriman,kodomazer,padi,Shos
87913,3,24,No Variant,Elatekur,padi,pianoblook
87907,2,0,Null (6 Suits),Kyle,padi
87906,2,29,Null (6 Suits),Kyle,padi
87905,2,0,Null (6 Suits),Kyle,padi
87904,2,0,Null (6 Suits),Kyle,padi
87903,2,0,Null (6 Suits),Kyle,padi
87516,5,21,No Variant,ejwu,fow,kodomazer,padi,Shos
87500,5,0,No Variant,ejwu,fow,kodomazer,padi,Shos
87490,6,27,Rainbow (6 Suits),fow,kodomazer,micerang,padi,Shos,Valetta6789
87471,5,25,No Variant,Fey,Floriman,kodomazer,Kyle,padi
87470,5,0,No Variant,Fey,Floriman,kodomazer,Kyle,padi
87469,5,16,Rainbow (4 Suits),Fey,jumbojerry,kodomazer,Kyle,padi
86743,4,25,No Variant,MasN,nakk,NoMercy,padi
86739,3,24,No Variant,nakk,NoMercy,padi
86408,5,30,Rainbow (6 Suits),aladdin3,duckmammal,Floriman,padi,RaKXeR
86407,5,0,Rainbow (6 Suits),aladdin3,Floriman,Kyle,padi,RaKXeR
86406,5,0,Rainbow (6 Suits),aladdin3,Floriman,Kyle,padi,RaKXeR
86359,3,0,No Variant,Elatekur,Kyle,padi
86358,3,0,No Variant,Elatekur,Kyle,padi
86186,3,0,No Variant,kiti,padi,Shos
86185,3,21,No Variant,kiti,padi,Shos
86151,4,23,No Variant,ADrone,micerang,padi,Zamiel
86148,4,22,No Variant,ADrone,Jake_Stiles,padi,Zamiel
86125,3,30,Black (6 Suits),micerang,padi,Shos
86124,3,27,Black (6 Suits),micerang,padi,Shos
86122,2,0,Black (6 Suits),padi,Shos
86117,3,24,No Variant,bobthebob,marina_feme,padi
85990,3,20,Brown (4 Suits),Dr_Kakashi,Kyle,padi
85986,3,30,Brown (6 Suits),Dr_Kakashi,Kyle,padi
85985,3,25,Brown (5 Suits),Dr_Kakashi,Kyle,padi
85984,4,30,White & Brown (6 Suits),Dr_Kakashi,invarse,Livia,padi
85981,3,25,No Variant,invarse,Livia,padi
85967,3,30,Dark Rainbow (6 Suits),Dr_Kakashi,Livia,padi
85965,3,0,Dark Rainbow (6 Suits),Dr_Kakashi,Livia,padi
85963,3,0,Dark Rainbow (6 Suits),Dr_Kakashi,Livia,padi
85962,3,28,Dark Rainbow (6 Suits),Dr_Kakashi,Livia,padi
85958,3,0,Dark Rainbow (6 Suits),Dr_Kakashi,Livia,padi
85401,3,29,6 Suits,aladdin3,Floriman,padi
85400,3,20,4 Suits,aladdin3,Floriman,padi
85374,3,0,Rainbow (5 Suits),fow,Kyle,padi
84941,3,25,Rainbow (5 Suits),ADrone,Floriman,padi
84644,4,23,No Variant,Kyle,letical,padi,pianoblook
84638,4,0,No Variant,Kyle,letical,padi,pianoblook
84631,3,0,No Variant,letical,padi,pianoblook
84557,5,24,No Variant,Kyle,letical,micerang,padi,Teferi
84553,4,22,No Variant,Kyle,letical,micerang,padi
84544,4,0,No Variant,Jake_Stiles,Kyle,letical,padi
84537,4,0,No Variant,ADrone,aladdin3,letical,padi
84533,3,0,No Variant,fow,letical,padi
84531,2,0,Black (6 Suits),Kyle,padi
84530,2,0,Black (6 Suits),Kyle,padi
84529,2,0,Black (6 Suits),Kyle,padi
84528,2,0,Black (6 Suits),Kyle,padi
84527,2,0,Black (6 Suits),Kyle,padi
84493,4,25,Black (5 Suits),Feer,kopen,micerang,padi
84492,2,25,Black (5 Suits),micerang,padi
84491,2,0,Black (5 Suits),micerang,padi
84490,2,24,Black (5 Suits),micerang,padi
84489,2,24,Black (5 Suits),micerang,padi
84476,3,0,Rainbow (6 Suits),Fey,padi,Shos
84473,4,25,No Variant,ADrone,Fey,Libster,padi
84472,3,25,No Variant,Fey,Libster,padi
84370,4,30,Dual-Color (6 Suits),asaelr,Feer,micerang,padi
84369,4,0,Dual-Color (6 Suits),asaelr,Feer,micerang,padi
84368,4,0,Dual-Color (6 Suits),asaelr,Feer,micerang,padi
84367,4,29,Dual-Color (6 Suits),asaelr,Feer,micerang,padi
84365,3,25,Rainbow-Ones (5 Suits),kopen,micerang,padi
84326,4,24,No Variant,Floriman,fow,kodomazer,padi
84240,3,30,White (6 Suits),Kyle,micerang,padi
84238,4,29,White (6 Suits),Feer,Kyle,MasN,padi
84237,3,30,Rainbow (6 Suits),Kyle,MasN,padi
84236,3,0,Rainbow (6 Suits),MasN,padi,Shos
84235,3,21,Rainbow (5 Suits),MasN,padi,Shos
83855,4,29,6 Suits,Floriman,Kyle,padi,Shos
83852,4,0,6 Suits,Floriman,Kyle,padi,Shos
83846,4,0,6 Suits,Floriman,Kyle,padi,Shos
83844,4,0,6 Suits,Floriman,Kyle,padi,Shos
83842,2,22,Black (5 Suits),padi,Shos
83840,3,0,6 Suits,Kyle,padi,Shos
83590,4,25,Rainbow (5 Suits),Kyle,MasN,micerang,padi
83584,3,25,No Variant,henryprior,Kyle,padi
83576,3,0,No Variant,henryprior,Kyle,padi
83537,5,0,Rainbow (5 Suits),DoubleDown11,Kyle,Libster,padi,RaKXeR
83536,3,25,Rainbow (5 Suits),Kyle,Libster,padi
83534,4,0,No Variant,DoubleDown11,Kyle,Libster,padi
83533,2,25,No Variant,DoubleDown11,padi
83532,2,0,No Variant,DoubleDown11,padi
83530,2,0,No Variant,DoubleDown11,padi
83516,4,0,Rainbow (5 Suits),Kyle,padi,Razvogor,Shos
83515,3,0,Rainbow (5 Suits),padi,Razvogor,Shos
83513,3,0,Rainbow (5 Suits),padi,Razvogor,Shos
83512,5,0,Dark Brown (6 Suits),asaelr,padi,Razvogor,Shos,Zamiel
83351,4,0,Dual-Color (6 Suits),asaelr,Kyle,padi,Shos
83349,4,0,Dual-Color (6 Suits),asaelr,Kyle,padi,Shos
83348,4,0,Dual-Color (6 Suits),asaelr,Kyle,padi,Shos
83346,4,0,Dual-Color (6 Suits),asaelr,Kyle,padi,Shos
83344,4,25,White (5 Suits),asaelr,Kyle,padi,Shos
83341,4,25,White (5 Suits),asaelr,Kyle,padi,Shos
83340,3,25,White (5 Suits),Kyle,padi,Shos
83231,5,0,Dark Brown (6 Suits),asaelr,Jake_Stiles,padi,sankala fan,Zamiel
83226,4,0,Light Pink (5 Suits),asaelr,Floriman,padi,Zamiel
83221,5,0,Dark Brown (6 Suits),Floriman,Jake_Stiles,Kyle,padi,Zamiel
83219,4,0,Gray (5 Suits),Floriman,Jake_Stiles,Kyle,padi
83218,3,0,Gray (5 Suits),Floriman,Jake_Stiles,padi
83051,3,0,No Variant,Kyle,Libster,padi
83050,4,0,Color Mute (3 Suits),IAMJEFF,Kyle,Libster,padi
83049,4,0,Color Mute (3 Suits),IAMJEFF,Kyle,Libster,padi
83045,4,13,Color Mute (3 Suits),IAMJEFF,Kyle,micerang,padi
83044,5,0,Pink (6 Suits),IAMJEFF,Jake_Stiles,Kyle,micerang,padi
83042,5,0,Pink (6 Suits),IAMJEFF,Jake_Stiles,Kyle,micerang,padi
83041,5,0,Pink (6 Suits),IAMJEFF,Jake_Stiles,Kyle,micerang,padi
83040,3,14,Color Mute (3 Suits),IAMJEFF,Jake_Stiles,padi
82754,4,23,No Variant,Dr_Kakashi,Floriman,padi,Valetta6789
82752,4,0,No Variant,Dr_Kakashi,Floriman,padi,Valetta6789
82744,4,0,No Variant,ADrone,Dr_Kakashi,padi,Valetta6789
82743,4,25,No Variant,ADrone,Dr_Kakashi,padi,Valetta6789
82741,4,0,No Variant,Dr_Kakashi,padi,Shos,Valetta6789
82740,4,0,No Variant,Dr_Kakashi,padi,Shos,Valetta6789
82739,4,0,No Variant,Dr_Kakashi,padi,Shos,Valetta6789
82635,4,24,No Variant,Kyle,MasN,NoMercy,padi
82633,4,25,No Variant,Fireheart,MasN,NoMercy,padi
82598,4,28,Rainbow (6 Suits),aladdin3,asaelr,Feer,padi
82596,4,27,Rainbow (6 Suits),aladdin3,asaelr,Feer,padi
82595,3,0,Rainbow (6 Suits),asaelr,Fireheart,padi
82593,3,0,Rainbow (6 Suits),asaelr,Fireheart,padi
82592,4,0,Rainbow (6 Suits),asaelr,DoubleDown11,Fireheart,padi
82213,4,24,Rainbow (5 Suits),ADrone,Floriman,Kyle,padi
82203,3,22,No Variant,Fey,MB22,padi
81724,5,24,White (5 Suits),aladdin3,DoubleDown11,Floriman,Nitrate,padi
81722,5,0,White (5 Suits),aladdin3,DoubleDown11,Floriman,Nitrate,padi
81721,5,24,White (5 Suits),aladdin3,DoubleDown11,Floriman,Nitrate,padi
81696,3,22,No Variant,Fey,padi,Shos
81694,3,24,No Variant,Fey,padi,Shos
81686,4,0,No Variant,duckmammal,Fey,Libster,padi
81677,3,0,No Variant,Fey,Floriman,padi
81674,3,25,No Variant,Fey,Floriman,padi
81454,3,0,Brown (5 Suits),DoubleDown11,MasN,padi
81433,3,0,Brown (5 Suits),DoubleDown11,MasN,padi
81399,3,0,Brown (5 Suits),DoubleDown11,MasN,padi
81355,3,20,Pink (4 Suits),DoubleDown11,MasN,padi
81349,3,25,No Variant,DoubleDown11,MasN,padi
81335,3,23,No Variant,aladdin3,padi,RaKXeR
81328,4,0,No Variant,aladdin3,asaelr,padi,RaKXeR
80910,4,25,No Variant,florrat2,Libster,padi,sankala fan
80908,4,23,No Variant,florrat2,padi,RaKXeR,sankala fan
80884,5,0,Rainbow (5 Suits),duckmammal,Floriman,Kyle,padi,Shos
80883,5,0,Rainbow (5 Suits),duckmammal,Floriman,Kyle,padi,Shos
80882,4,22,Rainbow (5 Suits),duckmammal,Fey,Floriman,padi
80616,2,25,White (5 Suits),DoubleDown11,padi
80601,3,24,Black (5 Suits),aladdin3,MasN,padi
80592,4,0,White (5 Suits),aladdin3,DoubleDown11,MasN,padi
80589,3,0,White (5 Suits),aladdin3,DoubleDown11,padi
80582,6,0,6 Suits,Floriman,Kyle,MasN,Nitrate,padi,Yuga Suggah
80578,6,0,6 Suits,Floriman,Kyle,MasN,Nitrate,padi,Yuga Suggah
80576,2,30,6 Suits,Nitrate,padi
80575,5,30,6 Suits,Floriman,Kyle,Nitrate,padi,Shos
80418,4,0,No Variant,Kyle,Libster,MasN,padi
80416,3,0,No Variant,Libster,MasN,padi
80415,3,23,No Variant,Libster,MasN,padi
79845,5,24,No Variant,aladdin3,DoubleDown11,Floriman,hanabornoob,padi
79588,3,25,No Variant,padi,sjdrodge,Yuga Suggah
79583,3,0,No Variant,padi,sjdrodge,Yuga Suggah
79581,3,0,No Variant,honzas,padi,Yuga Suggah
79081,3,22,Rainbow & White (5 Suits),duckmammal,Fireheart,padi
79078,4,0,Rainbow & White (5 Suits),asaelr,duckmammal,Fireheart,padi
79077,4,23,Brown (5 Suits),asaelr,duckmammal,padi,scharkbite
79076,3,21,Brown (5 Suits),duckmammal,padi,scharkbite
79075,3,24,Brown (5 Suits),duckmammal,hanabornoob,padi
79074,5,0,Brown (5 Suits),duckmammal,Floriman,hanabornoob,MasN,padi
79073,4,0,Brown (5 Suits),duckmammal,Floriman,hanabornoob,padi
79072,4,0,Brown (5 Suits),duckmammal,Floriman,hanabornoob,padi
79071,3,0,Brown (5 Suits),Floriman,hanabornoob,padi
78971,2,28,White (6 Suits),padi,Yuga Suggah
78970,2,0,White (6 Suits),padi,Yuga Suggah
78969,2,23,No Variant,padi,Yuga Suggah
78865,2,30,Rainbow (6 Suits),padi,Yuga Suggah
78814,3,0,Rainbow (5 Suits),micerang,padi,Yuga Suggah
78765,3,25,Rainbow (5 Suits),micerang,padi,Yuga Suggah
78727,3,25,No Variant,micerang,padi,Yuga Suggah
78698,5,24,No Variant,florrat2,Libster,micerang,padi,RaKXeR
78692,3,25,No Variant,florrat2,padi,RaKXeR
78691,3,0,No Variant,florrat2,padi,RaKXeR
78686,5,0,6 Suits,aladdin3,Floriman,padi,RaKXeR,scharkbite
78683,5,0,6 Suits,aladdin3,Floriman,padi,RaKXeR,scharkbite
78241,3,25,No Variant,asaelr,duckmammal,padi
78238,3,0,No Variant,asaelr,duckmammal,padi
78164,4,25,White (5 Suits),duckmammal,MasN,padi,wortel
78162,3,23,No Variant,DoubleDown11,Nitrate,padi
78161,3,0,No Variant,DoubleDown11,Nitrate,padi
78159,3,0,No Variant,DoubleDown11,Nitrate,padi
78138,5,22,No Variant,DoubleDown11,Kyle,Libster,micerang,padi
78136,4,29,6 Suits,DoubleDown11,Floriman,hanabornoob,padi
78135,4,0,6 Suits,DoubleDown11,Floriman,hanabornoob,padi
78133,4,26,6 Suits,DoubleDown11,Floriman,hanabornoob,padi
78131,4,0,6 Suits,DoubleDown11,Floriman,hanabornoob,padi
78129,6,23,No Variant,aladdin3,Floriman,Kyle,padi,scharkbite,Shos
78128,5,23,No Variant,aladdin3,Kyle,padi,scharkbite,Shos
78127,4,24,No Variant,Kyle,padi,scharkbite,Shos