623191,2,0,No Variant,Chapô,Pimak
623185,2,24,No Variant,Chapô,Pimak
623182,2,0,No Variant,Chapô,Pimak
620831,3,0,No Variant,Chapô,Pimak,skaraw
620827,3,23,No Variant,Chapô,Pimak,skaraw
620805,3,25,No Variant,Chapô,Pimak,skaraw
619823,3,24,No Variant,Chapô,Pimak,skaraw
619803,3,21,No Variant,Chapô,Pimak,skaraw
617282,3,0,6 Suits,Kernel,Pimak,Spruelo
615986,4,30,Rainbow (6 Suits),kinkajusrevenge,Pimak,Tailz,thechampion
615972,4,0,Rainbow (6 Suits),kinkajusrevenge,Pimak,Tailz,thechampion
615904,2,29,Dual-Color & Dark Prism (6 Suits),Durandal,Pimak
615899,2,25,Dual-Color (5 Suits),Durandal,Pimak
615895,2,0,Dual-Color (5 Suits),Kernel,Pimak
615892,2,23,Dual-Color (5 Suits),Kernel,Pimak
615888,2,0,Dual-Color (5 Suits),Kernel,Pimak
615885,2,0,Dual-Color (5 Suits),Kernel,Pimak
615884,2,21,Dual-Color (5 Suits),Kernel,Pimak
615880,2,25,No Variant,Kernel,Pimak
615879,2,0,No Variant,Kernel,Pimak
615383,3,25,No Variant,maxdinechin,Pimak,ReaverSe
615376,3,25,No Variant,fluothunder,Pimak,ReaverSe
615365,4,25,No Variant,kinkajusrevenge,maxdinechin,Pimak,ReaverSe
615350,3,25,No Variant,maxdinechin,Pimak,ReaverSe
615345,3,24,No Variant,maxdinechin,Pimak,ReaverSe
614703,5,0,Light Pink & Prism (5 Suits),kimbifille,Kyle,Lanvin,newsun,Pimak
614658,4,30,Brown-Fives (6 Suits),Lanvin,Pimak,Tailz,wump
602334,3,0,Null & Prism (6 Suits),Kernel,Lanvin,Pimak
602332,3,0,Null & Prism (6 Suits),Kernel,Lanvin,Pimak
602328,3,20,White-Ones & Omni (4 Suits),Lanvin,MarkusKahlsen,Pimak
602324,3,25,Throw It in a Hole & Prism (5 Suits),Lanvin,MarkusKahlsen,Pimak
601197,3,23,Rainbow & Dark Brown (5 Suits),just_a_dick,Lanvin,Pimak
601181,3,25,Prism & Dark Rainbow (5 Suits),just_a_dick,Lanvin,Pimak
601180,3,0,Prism & Dark Rainbow (5 Suits),just_a_dick,Lanvin,Pimak
598027,3,24,No Variant,Pimak,vjk,yuto
598017,3,0,No Variant,Pimak,vjk,yuto
598012,3,0,No Variant,Pimak,vjk,yuto
597464,2,25,Up or Down (6 Suits),Durandal,Pimak
597461,2,0,Up or Down (6 Suits),Durandal,Pimak
597457,6,24,No Variant,Durandal,Kaznad,Kernel,kimbifille,Pimak,Spruelo
597446,5,0,No Variant,Durandal,Kaznad,Kernel,Pimak,Spruelo
596803,3,0,Dual-Color (5 Suits),Durandal,Kernel,Pimak
596798,3,0,Dual-Color (5 Suits),Durandal,Kernel,Pimak
596793,3,0,Dual-Color (5 Suits),Kernel,Pimak,Spruelo
596783,4,25,No Variant,Kaznad,Kernel,Pimak,Spruelo
596778,4,22,No Variant,Kaznad,Kernel,Pimak,Spruelo
592975,6,0,Up or Down (6 Suits),DarthGandalf,Kernel,mystus,newduke,newsun,Pimak
592953,4,0,Black (5 Suits),DarthGandalf,mystus,newsun,Pimak
592319,4,0,Prism (4 Suits),Durandal,newsun,Pimak,yuto
592310,4,18,Prism (4 Suits),Durandal,newsun,Pimak,yuto
592286,3,19,White (4 Suits),ace201,Pimak,yuto
591283,3,23,Black & Brown (5 Suits),IsabeltheCat,mystus,Pimak
591272,3,0,Black & Brown (5 Suits),IsabeltheCat,mystus,Pimak
591270,3,0,Black & Brown (5 Suits),IsabeltheCat,mystus,Pimak
591236,4,0,Clue Starved (6 Suits),IsabeltheCat,mystus,newduke,Pimak
591218,4,29,Clue Starved (6 Suits),IsabeltheCat,mystus,newduke,Pimak
591203,4,0,Clue Starved (6 Suits),IsabeltheCat,mystus,newduke,Pimak
591198,4,0,Clue Starved (6 Suits),IsabeltheCat,mystus,newduke,Pimak
591191,4,13,Pink (3 Suits),aquatroll,Durandal,HelanaAshryvr,Pimak
570920,4,23,Number Mute (5 Suits),Lanvin,MarkusKahlsen,Pimak,Wittvector
570914,4,25,White-Ones & Dark Prism (5 Suits),Lanvin,MarkusKahlsen,Pimak,Wittvector
570908,3,19,Color Mute (4 Suits),Lanvin,Pimak,Wittvector
565068,3,0,Gray Reversed (6 Suits),Fey,Lanvin,Pimak
564465,3,25,No Variant,Pimak,socerman,tacobot5000
564402,3,25,No Variant,Pimak,socerman,tacobot5000
564287,3,25,No Variant,caña,Pimak,sp00ky
548652,3,24,Brown-Fives & Pink (5 Suits),dobi,newduke,Pimak
548578,5,22,Omni (5 Suits),Fey,jeff10,kimbifille,newduke,Pimak
538873,5,25,Brown-Fives & Brown (5 Suits),griff77,kevincaseytdk1,mystus,Pimak,xor
538797,5,23,Brown-Fives & Brown (5 Suits),griff77,kevincaseytdk1,mystus,Pimak,xor
538771,4,21,Muddy Rainbow (5 Suits),griff77,MangoPie,mystus,Pimak
538650,3,22,No Variant,Kaznad,Kernel,Pimak
538627,3,0,Rainbow (5 Suits),Kaznad,Kernel,Pimak
538597,5,0,No Variant,Alix_Eisenhardt,Kaznad,Kernel,Padouga,Pimak
538575,5,0,No Variant,Alix_Eisenhardt,Kaznad,Kernel,Padouga,Pimak
538557,4,0,No Variant,Alix_Eisenhardt,Kaznad,Padouga,Pimak
528970,3,24,No Variant,newduke,Olipod,Pimak
528927,3,0,No Variant,ChristopheAF,Pimak,Spruelo
528919,3,0,No Variant,ChristopheAF,Pimak,Spruelo
497681,6,22,Black (5 Suits),dobi,Lanvin,melwen,Pimak,squirrel1988,timotree
497651,4,20,White & Omni (4 Suits),dobi,Lanvin,melwen,Pimak
494355,6,0,Pink & White (6 Suits),dobi,Lanvin,melwen,Pimak,squirrel1988,Syrah
494333,5,0,Dark Omni (6 Suits),HelanaAshryvr,Lanvin,melwen,Pimak,Syrah
489756,3,25,Black (5 Suits),newduke,Pimak,Spieler42
489737,3,0,Black (5 Suits),newduke,Pimak,Spieler42
489709,4,21,Light Pink (5 Suits),CaitlinSmith,Damian000,newduke,Pimak
489676,4,0,Light Pink (5 Suits),CaitlinSmith,Damian000,newduke,Pimak
480651,4,0,Brown & Prism (5 Suits),Kyle,Lanvin,Pimak,swineherd
480634,3,25,Dark Prism (5 Suits),Lanvin,Pimak,swineherd
480614,3,24,Dark Prism (5 Suits),Lanvin,Pimak,swineherd
480598,2,0,Dark Prism (5 Suits),Lanvin,Pimak
480590,2,21,Dark Prism (5 Suits),Lanvin,Pimak
480580,2,0,Dark Prism (5 Suits),Lanvin,Pimak
480568,2,23,Dark Prism (5 Suits),Lanvin,Pimak
480547,3,0,Brown-Ones & White (6 Suits),Gortok,Lanvin,Pimak
459426,3,30,Dark Prism (6 Suits),Bot-Fiora,MangoPie,Pimak
459379,3,0,Dark Prism (6 Suits),Bot-Fiora,MangoPie,Pimak
459332,3,25,White (5 Suits),Bot-Fiora,MangoPie,Pimak
459314,5,0,White & Prism (6 Suits),bjnh,Bot-Fiora,HelanaAshryvr,Pimak,squirrel1988
459287,4,20,4 Suits,Kernel,Olipod,Pimak,XMIL
459254,3,0,6 Suits,Kernel,Olipod,Pimak
444473,3,25,Rainbow (5 Suits),Espen,narabio,Pimak
444445,3,22,Rainbow (5 Suits),Espen,narabio,Pimak
444387,3,24,Black (6 Suits),Espen,Pimak,rachyrules
440052,6,0,Cocoa Rainbow (6 Suits),bjnh,Denchulitas,frosty104,indego,Lanvin,Pimak
439350,3,29,Gray (6 Suits),Onen,Pimak,robense
439338,3,0,Gray (6 Suits),Onen,Pimak,robense
439320,4,0,Rainbow & Prism (6 Suits),ChristopheAF,colton,Pimak,robense
439281,3,25,White (5 Suits),Nitrate,Pimak,XMIL
439261,3,22,White (5 Suits),Nitrate,Pimak,XMIL
439250,4,0,No Variant,Nitrate,Padouga,Pimak,XMIL
439225,4,0,No Variant,Kernel,Nitrate,Padouga,Pimak
439205,4,22,Rainbow (5 Suits),Alix_Eisenhardt,Kaznad,Padouga,Pimak
439177,4,25,Rainbow (5 Suits),Alix_Eisenhardt,Kaznad,Padouga,Pimak
439167,4,0,Rainbow (5 Suits),Alix_Eisenhardt,Kaznad,Padouga,Pimak
438676,5,23,White-Ones & Rainbow (5 Suits),ontak,otterful,Pimak,stormageddon,Stormylu
438654,5,0,White-Ones & Rainbow (5 Suits),ontak,otterful,Pimak,stormageddon,Stormylu
438640,5,0,White-Ones & Rainbow (5 Suits),ontak,otterful,Pimak,stormageddon,Stormylu
438624,5,24,White-Ones & Rainbow (5 Suits),ontak,otterful,Pimak,stormageddon,Stormylu
438611,4,30,White-Ones (6 Suits),ontak,otterful,Pimak,Stormylu
438585,5,23,Rainbow (5 Suits),Damian000,DarthGandalf,otterful,Pimak,Stormylu
438538,5,0,Rainbow (5 Suits),Damian000,DarthGandalf,otterful,Pimak,Stormylu
438510,5,0,Rainbow (5 Suits),Damian000,DarthGandalf,otterful,Pimak,Stormylu
438280,4,25,No Variant,banjoleb,Damian000,Denchulitas,Pimak
438256,4,0,No Variant,banjoleb,Damian000,Denchulitas,Pimak
436244,4,29,Ambiguous (6 Suits),Bot-Fiora,Lanvin,melwen,Pimak
436211,5,0,Ambiguous (6 Suits),4head,Bot-Fiora,Lanvin,melwen,Pimak
436185,5,0,Ambiguous (6 Suits),4head,Bot-Fiora,Lanvin,melwen,Pimak
436162,5,28,Ambiguous (6 Suits),4head,Bot-Fiora,Lanvin,melwen,Pimak
436137,3,0,White-Fives & Light Pink (5 Suits),Bot-Fiora,Lanvin,Pimak
436120,4,24,Omni (5 Suits),4head,ChristopheAF,Lanvin,Pimak
436097,4,0,Omni (5 Suits),4head,ChristopheAF,Lanvin,Pimak
436080,4,0,Omni (5 Suits),4head,ChristopheAF,Lanvin,Pimak
436026,5,29,Omni-Fives (6 Suits),duckless,Pimak,RaKXeR,rz,wump
435986,4,0,Omni-Fives (6 Suits),duckless,Pimak,rz,wump
435945,4,0,Omni-Fives (6 Suits),duckless,Pimak,rz,wump
435922,3,0,Omni-Fives (6 Suits),duckless,Pimak,rz
435904,3,0,Omni-Fives (6 Suits),duckless,Pimak,rz
435863,5,30,Black (6 Suits),ChristopheAF,Lanvin,Nitrate,Pimak,TimeHoodie
435818,4,23,Gray (5 Suits),aquarelle,ChristopheAF,Nitrate,Pimak
435798,4,0,Gray (5 Suits),aquarelle,ChristopheAF,Nitrate,Pimak
435785,2,27,Black (6 Suits),Denchulitas,Pimak
435774,2,0,Black (6 Suits),Denchulitas,Pimak
435767,3,0,Prism (6 Suits),Denchulitas,Pimak,skyblueexo
435759,3,29,Prism (6 Suits),Denchulitas,Pimak,skyblueexo
435751,3,0,Prism (6 Suits),Denchulitas,Pimak,skyblueexo
434629,4,24,Dual-Color (5 Suits),Daryl,narabio,Pimak,Spieler42
434594,4,0,Dual-Color (5 Suits),Daryl,narabio,Pimak,Spieler42
434577,4,0,Dual-Color (5 Suits),Daryl,duckless,Pimak,Spieler42
433716,6,30,Light Pink (6 Suits),Bot-Fiora,indego,Lanvin,Nitrate2,Pimak,sephiroth
433658,4,0,Dual-Color (5 Suits),Alix_Eisenhardt,Kaznad,Padouga,Pimak
433649,4,0,Dual-Color (5 Suits),Alix_Eisenhardt,Kaznad,Padouga,Pimak
433633,4,24,No Variant,Alix_Eisenhardt,Kaznad,Padouga,Pimak
433583,4,21,No Variant,Alix_Eisenhardt,Kaznad,Padouga,Pimak
433541,4,25,No Variant,Alix_Eisenhardt,Kaznad,Padouga,Pimak
433523,3,0,No Variant,Kaznad,Padouga,Pimak
433514,4,23,Dark Rainbow (5 Suits),4head,eljavi,ksfortson,Pimak
433497,4,23,Dark Rainbow (5 Suits),4head,eljavi,ksfortson,Pimak
433469,5,23,Rainbow & White (5 Suits),4head,CaitlinSmith,eljavi,MangoPie,Pimak
433457,5,0,Rainbow & White (5 Suits),4head,CaitlinSmith,eljavi,MangoPie,Pimak
433445,5,0,Rainbow & White (5 Suits),4head,CaitlinSmith,eljavi,MangoPie,Pimak
433435,5,0,Rainbow & White (5 Suits),4head,CaitlinSmith,eljavi,MangoPie,Pimak
433415,3,0,Rainbow & White (5 Suits),CaitlinSmith,eljavi,Pimak
433300,5,0,Dual-Color (5 Suits),eliclax,Kernel,Lanvin,Pimak,VerySloppyTwo
433294,4,0,Dual-Color (5 Suits),eliclax,Kernel,Lanvin,Pimak
433291,5,0,Dual-Color (5 Suits),eliclax,Kernel,Lanvin,Pimak,Plum
433287,5,0,Dual-Color (5 Suits),eliclax,Kernel,Lanvin,Pimak,Plum
433281,4,23,No Variant,BraydonM,eliclax,Pimak,Zahard
431649,6,27,Black (6 Suits),4head,griff77,Lanvin,nkkarpov,Pimak,rahsosprout
431626,6,27,Black (6 Suits),4head,griff77,Lanvin,nkkarpov,Pimak,rahsosprout
431579,6,0,Rainbow & Prism (6 Suits),4head,colton,duckington,Lanvin,Pimak,rahsosprout
431540,4,29,Up or Down (6 Suits),4head,Bot-Fiora,Kernel,Pimak
431496,4,0,Up or Down (6 Suits),4head,Bot-Fiora,Kernel,Pimak
431456,4,24,Up or Down (5 Suits),4head,jack67889,Kernel,Pimak
431407,5,0,Up or Down (5 Suits),4head,CaitlinSmith,jack67889,Kernel,Pimak
431382,4,0,Up or Down (6 Suits),4head,CaitlinSmith,jack67889,Pimak
431356,4,27,Up or Down (6 Suits),4head,CaitlinSmith,jack67889,Pimak
429030,5,0,Pink (4 Suits),Lanvin,MangoPie,Pimak,sephiroth,Wittvector
429013,4,0,Rainbow & Omni (6 Suits),Lanvin,MangoPie,Pimak,skyblueexo
428997,4,0,Rainbow & Omni (6 Suits),Lanvin,MangoPie,Pimak,skyblueexo
428966,5,25,Rainbow & Light Pink (5 Suits),aquarelle,ChristopheAF,Lanvin,Pimak,rz
428947,5,0,Rainbow & Light Pink (5 Suits),aquarelle,ChristopheAF,Lanvin,Pimak,rz
428945,5,0,Rainbow & Light Pink (5 Suits),aquarelle,ChristopheAF,Lanvin,Pimak,rz
428940,3,0,Rainbow (3 Suits),aquarelle,Lanvin,Pimak
428932,5,0,Rainbow & Pink (5 Suits),aquarelle,ChristopheAF,indego,Lanvin,Pimak
428915,5,0,Rainbow & Pink (5 Suits),aquarelle,ChristopheAF,indego,Lanvin,Pimak
428910,4,0,Black (5 Suits),aquarelle,indego,Lanvin,Pimak
428903,2,15,3 Suits,Lanvin,Pimak
425213,3,25,Brown (5 Suits),4head,louietyj,Pimak
425204,3,0,Brown (5 Suits),4head,louietyj,Pimak
425202,5,27,Rainbow & Gray (6 Suits),4head,Asddsa76,catula,louietyj,Pimak
425196,5,29,Gray (6 Suits),4head,indego,katian,Pimak,Wittvector
424280,6,0,Dark Pink (6 Suits),colton,Div,Lanvin,Pimak,sephiroth,VerySloppyTwo
424188,4,25,Rainbow & Pink (5 Suits),ChristopheAF,Lanvin,Pimak,sephiroth
424177,4,0,Rainbow & Pink (5 Suits),ChristopheAF,Lanvin,Pimak,sephiroth
424170,4,0,Rainbow & Pink (5 Suits),ChristopheAF,Lanvin,Pimak,sephiroth
424165,4,0,Rainbow & Pink (5 Suits),ChristopheAF,Lanvin,Pimak,sephiroth
424159,4,0,Rainbow & Pink (5 Suits),ChristopheAF,Lanvin,Pimak,sephiroth
424145,5,30,Muddy Rainbow (6 Suits),ChristopheAF,Lanvin,MangoPie,Pimak,sin_faith
424068,6,25,Pink & Prism (5 Suits),ChristopheAF,Lanvin,MangoPie,Pimak,sephiroth,sin_faith
424048,4,0,Pink & Prism (5 Suits),Lanvin,Pimak,sephiroth,sin_faith
424030,4,29,Pink & Dark Omni (6 Suits),Floriman,melwen,Pimak,Wittvector
421459,3,25,No Variant,InflatableKayak,Padouga,Pimak
421443,3,0,No Variant,InflatableKayak,Padouga,Pimak
421423,3,0,No Variant,InflatableKayak,Padouga,Pimak
421413,3,25,No Variant,InflatableKayak,Padouga,Pimak
421405,3,22,No Variant,Kaznad,Padouga,Pimak
421387,3,0,No Variant,Kaznad,Padouga,Pimak
421358,3,0,No Variant,Kaznad,Padouga,Pimak
421243,3,0,Rainbow (6 Suits),Pimak,socerman,tacobot5000
421235,3,0,Rainbow (6 Suits),Pimak,socerman,tacobot5000
421218,3,30,Rainbow (6 Suits),Pimak,socerman,tacobot5000
421187,3,30,Rainbow (6 Suits),Pimak,socerman,tacobot5000
417519,3,25,No Variant,Denchulitas,macanek,Pimak
417478,3,21,No Variant,Denchulitas,macanek,Pimak
417466,4,0,No Variant,Denchulitas,macanek,Pimak,possum
417435,3,0,Black & Prism (6 Suits),Denchulitas,macanek,Pimak
416525,5,24,Rainbow & White (5 Suits),4head,caña,Pimak,Plum,rz
416500,4,24,Rainbow & White (5 Suits),4head,Pimak,Plum,rz
416475,4,0,Rainbow & White (5 Suits),duckington,Lanvin,Pimak,Plum
416467,4,0,Rainbow & White (5 Suits),duckington,Lanvin,Pimak,Plum
416450,3,30,Rainbow & Prism (6 Suits),Pimak,Plum,sin_nofaith
416440,5,0,Omni-Ones & Dark Pink (6 Suits),Lel0uch,Pimak,sephiroth,sin_faith,TimeHoodie
416427,5,0,Omni-Ones & Dark Pink (6 Suits),Lel0uch,Pimak,sephiroth,sin_faith,TimeHoodie
416417,6,25,White & Prism (5 Suits),Lel0uch,MangoPie,Pimak,sephiroth,sin_faith,TimeHoodie
416410,6,0,White & Prism (5 Suits),Lel0uch,MangoPie,Pimak,sephiroth,sin_faith,TimeHoodie
416401,4,26,Rainbow (6 Suits),asaelr,joel92,Pimak,sin_faith
416380,3,0,Pink (5 Suits),indego,Pimak,PMP
415440,3,0,White-Ones (5 Suits),eliclax,gchang02,Pimak
415434,3,0,White-Ones (5 Suits),eliclax,gchang02,Pimak
415430,5,0,No Variant,gchang02,Lanvin,Lel0uch,melwen,Pimak
415422,6,20,No Variant,eliclax,gchang02,Lanvin,Lel0uch,melwen,Pimak
415411,3,0,Dual-Color & Prism (4 Suits),Lanvin,melwen,Pimak
415399,3,19,Dual-Color & Prism (4 Suits),Lanvin,melwen,Pimak
415390,3,18,Dual-Color & Prism (4 Suits),Lanvin,melwen,Pimak
414664,4,25,Prism (5 Suits),HariKrishnan,Kernel,MangoPie,Pimak
414637,4,24,Prism (5 Suits),HariKrishnan,Kernel,MangoPie,Pimak
414622,5,0,White (6 Suits),HariKrishnan,Kernel,MangoPie,Pimak,Spieler42
414614,4,27,Black & Prism (6 Suits),banjoleb,ChristopheAF,Lanvin,Pimak
414600,4,0,Black & Prism (6 Suits),banjoleb,ChristopheAF,Lanvin,Pimak
414585,4,0,Black & Prism (6 Suits),banjoleb,ChristopheAF,Lanvin,Pimak
414574,3,29,Black & Prism (6 Suits),banjoleb,ChristopheAF,Pimak
414560,3,0,Black & Prism (6 Suits),banjoleb,ChristopheAF,Pimak
414547,3,0,Special Mix (5 Suits),Pimak,rz,Wittvector
414538,3,30,Black & Light Pink (6 Suits),Pimak,rz,Wittvector
412909,3,22,White (5 Suits),Kaznad,Padouga,Pimak
412632,4,25,Brown & Prism (5 Suits),Fey,Kaznad,Padouga,Pimak
412600,4,0,Brown & Prism (5 Suits),Fey,Kaznad,Padouga,Pimak
412562,4,18,4 Suits,Fey,Kaznad,Padouga,Pimak
412530,5,0,Dual-Color (5 Suits),Fey,Kaznad,Kernel,Padouga,Pimak
412504,4,0,Dual-Color (5 Suits),Fey,Kaznad,Kernel,Pimak
412491,3,25,White & Prism (5 Suits),Daryl,Pimak,rahsosprout
412464,4,25,White-Ones (5 Suits),ChristopheAF,Daryl,Lel0uch,Pimak
411395,4,27,Black & Prism (6 Suits),arnino,Div,Pimak,Wittvector
411280,3,0,Dark Pink (5 Suits),macanek,Pimak,Wittvector
410670,3,0,Pink (5 Suits),4head,MangoPie,Pimak
410662,3,0,Pink (5 Suits),4head,MangoPie,Pimak
410654,5,23,Muddy Rainbow (5 Suits),4head,Lanvin,MangoPie,Pimak,rz
410629,5,24,Muddy Rainbow (5 Suits),4head,Lanvin,MangoPie,Pimak,rz
410606,4,22,White & Dark Prism (5 Suits),4head,Lanvin,MangoPie,Pimak
410590,4,20,White & Dark Prism (5 Suits),4head,Lanvin,MangoPie,Pimak
409630,4,28,Rainbow & Brown (6 Suits),arnino,Lanvin,Pimak,Plum
409613,5,0,Rainbow & Brown (5 Suits),arnino,Lanvin,Pimak,Plum,sephiroth
409605,4,30,White (6 Suits),arnino,katian,Lanvin,Pimak
408746,4,24,Pink (5 Suits),4head,Kyle,MangoPie,Pimak
408714,3,22,Black (5 Suits),4head,MangoPie,Pimak
408688,3,24,Black (5 Suits),4head,MangoPie,Pimak
408677,4,0,Black (6 Suits),4head,MangoPie,Pimak,PMP
408553,5,0,Black (5 Suits),MarkusKahlsen,Pimak,rachyrules,sephiroth,Spieler42
408547,4,23,Black & Prism (5 Suits),Pimak,rachyrules,sephiroth,Spieler42
408529,3,0,Pink-Fives (5 Suits),catula,Pimak,skyblueexo
408517,3,0,Pink-Ones (5 Suits),catula,Pimak,skyblueexo
407551,3,21,Black (5 Suits),ArualEIs,MangoPie,Pimak
407517,3,24,Black (5 Suits),ArualEIs,MangoPie,Pimak
407481,3,27,Brown & Prism (6 Suits),asaelr,MangoPie,Pimak
406474,5,22,Black (5 Suits),4head,ArualEIs,CaitlinSmith,Nitrate,Pimak
406450,5,22,No Variant,4head,ArualEIs,CaitlinSmith,Nitrate,Pimak
406427,3,0,Black (5 Suits),ArualEIs,CaitlinSmith,Pimak
405252,6,0,Rainbow (6 Suits),Lanvin,MangoPie,Nils,Pimak,rz,zeinab001
405233,5,30,6 Suits,banjoleb,LautiManzano,Nils,Pimak,zeinab001
405203,3,28,Black & White (6 Suits),ADrone,melwen,Pimak
405110,3,25,Black & Rainbow (6 Suits),Pimak,qqqq,Wittvector
405091,3,25,Prism (5 Suits),Fey,Pimak,witcher
404114,4,20,White-Ones (4 Suits),ChristopheAF,eljavi,Pimak,Wittvector
404095,3,20,Prism (4 Suits),CaitlinSmith,MangoPie,Pimak
404075,3,0,Prism (4 Suits),CaitlinSmith,MangoPie,Pimak
403948,2,0,No Variant,Denchulitas,Pimak
403931,2,23,No Variant,Denchulitas,Pimak
403003,6,20,White-Ones (4 Suits),Lanvin,Pimak,sephiroth,skyblueexo,Wittvector,zeinab001
402994,6,0,White-Ones (4 Suits),Lanvin,Pimak,sephiroth,skyblueexo,Wittvector,zeinab001
402988,2,24,No Variant,Pimak,zeinab001
402984,2,24,No Variant,Pimak,zeinab001
402958,4,22,White (5 Suits),catula,Denchulitas,macanek,Pimak
402955,3,0,No Variant,macanek,pianoblook,Pimak
402935,3,21,No Variant,arnino,macanek,Pimak
402921,5,0,Rainbow (6 Suits),arnino,katian,Krepps57,Pimak,skyblueexo
402077,5,29,Black (6 Suits),jack67889,Lanvin,MangoPie,Pimak,zeinab001
402063,5,28,Black (6 Suits),jack67889,Lanvin,MangoPie,Pimak,zeinab001
402042,4,30,Rainbow & White (6 Suits),jack67889,Lanvin,MangoPie,Pimak
402019,6,0,Black (6 Suits),HelanaAshryvr,jack67889,Lanvin,MangoPie,Pimak,Wittvector
402015,6,0,Black (6 Suits),HelanaAshryvr,jack67889,Lanvin,MangoPie,Pimak,Wittvector
402005,3,0,Black (5 Suits),Lanvin,Pimak,Wittvector
401996,3,23,Black (5 Suits),Lanvin,Pimak,Wittvector
401967,3,0,Black (5 Suits),banjoleb,CaitlinSmith,Pimak
401960,4,23,Black (5 Suits),ArualEIs,banjoleb,CaitlinSmith,Pimak
401952,4,0,Black (5 Suits),ArualEIs,banjoleb,CaitlinSmith,Pimak
401944,4,0,Black (5 Suits),catula,frosty104,Pimak,Sucubis
401061,3,0,Prism (4 Suits),katian,Pimak,skyblueexo
401053,3,19,Prism (4 Suits),katian,Pimak,skyblueexo
400525,5,29,Black (6 Suits),ChristopheAF,Feich59,jack67889,Pimak,rahsosprout
400503,4,25,Rainbow & Prism (5 Suits),ChristopheAF,jack67889,Kyle,Pimak
400471,5,18,4 Suits,CaitlinSmith,ChristopheAF,Doge,Kyle,Pimak
400451,4,0,White (6 Suits),CaitlinSmith,ChristopheAF,Pimak,sean1815
400434,4,0,White (6 Suits),CaitlinSmith,ChristopheAF,Pimak,sean1815
400418,3,25,No Variant,CaitlinSmith,Pimak,sean1815
400094,4,30,6 Suits,LamboXD,louietyj,macanek,Pimak
400090,4,29,6 Suits,LamboXD,louietyj,macanek,Pimak
400086,4,28,6 Suits,LamboXD,louietyj,macanek,Pimak
400041,3,25,Rainbow & Prism (5 Suits),katian,Pimak,skyblueexo
400019,3,0,Rainbow & Prism (5 Suits),katian,Pimak,skyblueexo
400014,3,24,Rainbow & Prism (5 Suits),katian,Pimak,skyblueexo
399996,3,30,Prism (6 Suits),katian,Pimak,skyblueexo
399168,3,25,Prism (5 Suits),Kernel,louietyj,Pimak
399159,3,23,Prism (5 Suits),Kernel,louietyj,Pimak
399154,3,18,Black (5 Suits),MangoPie,Nexus,Pimak
397970,3,25,Rainbow (5 Suits),CaitlinSmith,Pimak,zeinab001
397933,3,25,No Variant,CaitlinSmith,hakha3,Pimak
397898,3,30,6 Suits,diael,knaphill,Pimak
397877,3,27,6 Suits,diael,knaphill,Pimak
397850,3,0,No Variant,knaphill,Pimak,zeinab001
396787,5,21,No Variant,Donna,function,lolthisnotderk,Nitrate,Pimak
396761,5,0,4 Suits,indego,Lanvin,MangoPie,Pimak,QP
396753,5,0,4 Suits,indego,Lanvin,MangoPie,Pimak,QP
396733,4,24,Dual-Color (5 Suits),Kernel,Lanvin,MangoPie,Pimak
396706,5,25,Prism (5 Suits),ArualEIs,katian,MangoPie,Pimak,skyblueexo
396693,3,30,White-Ones (6 Suits),MangoPie,Pimak,skyblueexo
396674,6,0,White-Fives & Gray Pink (5 Suits),indego,Lanvin,Pimak,qqqq,sin_faith,Sucubis
396670,6,0,White-Fives & Gray Pink (5 Suits),indego,Lanvin,Pimak,qqqq,sin_faith,Sucubis
396658,6,0,White-Fives & Gray Pink (5 Suits),indego,Lanvin,Pimak,qqqq,sin_faith,Sucubis
396646,5,20,White & Dark Pink (5 Suits),indego,Lanvin,Pimak,qqqq,sin_faith
396629,5,0,White & Dark Pink (5 Suits),indego,Lanvin,Pimak,qqqq,sin_faith
396608,4,0,Black (5 Suits),indego,Lanvin,Pimak,qqqq
396589,3,0,Brown (6 Suits),indego,Lanvin,Pimak
395662,5,28,Dark Rainbow (6 Suits),ChristopheAF,Floriman,Lel0uch,MarkusKahlsen,Pimak
395653,5,0,Dark Rainbow (6 Suits),ChristopheAF,Floriman,Lel0uch,MarkusKahlsen,Pimak
395643,4,0,Dark Rainbow (5 Suits),ChristopheAF,Lel0uch,MarkusKahlsen,Pimak
395629,4,0,4 Suits,ChristopheAF,Kernel,Pimak,Spruelo
395616,2,19,4 Suits,Kernel,Pimak
395596,3,30,Rainbow (6 Suits),knaphill,Pimak,rz
394897,3,24,White-Ones (5 Suits),ArualEIs,nkkarpov,Pimak
394855,3,20,Rainbow (4 Suits),bob65536,ChristopheAF,Pimak
394838,3,0,Rainbow (4 Suits),bob65536,ChristopheAF,Pimak
394826,3,0,Rainbow (4 Suits),bob65536,ChristopheAF,Pimak
394810,3,0,Rainbow (4 Suits),bob65536,ChristopheAF,Pimak
394550,4,27,6 Suits,ArualEIs,diael,lanxeny,Pimak
394530,4,27,6 Suits,ArualEIs,diael,lanxeny,Pimak
394520,5,29,6 Suits,ArualEIs,diael,lanxeny,MangoPie,Pimak
394502,5,0,No Variant,diael,indego,Kyle,MangoPie,Pimak
394495,5,22,No Variant,diael,indego,Lanvin,Pimak,Sucubis
394482,5,24,Black & Rainbow (5 Suits),Kyle,Lanvin,Pimak,sephiroth,Sucubis
394473,5,0,Black & Rainbow (5 Suits),Kyle,Lanvin,Pimak,sephiroth,Sucubis
394459,4,25,No Variant,Lanvin,Pimak,Spieler42,StKildaFan
393645,4,25,No Variant,knaphill,Pimak,Spieler42,XMIL
393634,3,25,White-Ones & Rainbow (5 Suits),Lanvin,Pimak,Spieler42
393624,3,30,White (6 Suits),Lanvin,Pimak,Spieler42
393618,3,0,White (6 Suits),knaphill,Lanvin,Pimak
393612,4,20,Rainbow (4 Suits),ArualEIs,Lanvin,Pimak,skyblueexo
393601,4,0,Rainbow (4 Suits),ArualEIs,Lanvin,Pimak,skyblueexo
393573,3,0,Rainbow (3 Suits),ArualEIs,Lanvin,Pimak
393548,3,0,Rainbow (3 Suits),ArualEIs,Lanvin,Pimak
393517,5,17,Rainbow (4 Suits),ArualEIs,Lanvin,Pimak,PMP,voss
393473,3,24,Prism (5 Suits),Lanvin,Pimak,PMP
392576,5,30,White-Ones (6 Suits),IsabeltheCat,knaphill,Lanvin,nkkarpov,Pimak
392561,3,22,No Variant,knaphill,macanek,Pimak
392542,4,24,No Variant,banjoleb,ChristopheAF,Pimak,tezeteta
392527,5,24,No Variant,ChristopheAF,HelanaAshryvr,Lanvin,Pimak,tezeteta
392512,4,0,No Variant,ChristopheAF,Lanvin,Pimak,tezeteta
392501,3,25,Light Pink (5 Suits),ChristopheAF,Lanvin,Pimak
392489,5,20,Black & White (5 Suits),hakha3,Lanvin,Lel0uch,Pimak,Wittvector
392470,5,0,Black & White (5 Suits),hakha3,Lanvin,Lel0uch,Pimak,Wittvector
392462,5,21,Black & White (5 Suits),hakha3,Lanvin,Lel0uch,Pimak,Wittvector
392456,4,25,No Variant,Lel0uch,Pimak,Plum,Wittvector
391605,4,25,No Variant,Nitrate,Pimak,tezeteta,XMIL
391568,4,0,No Variant,macanek,Nitrate,Pimak,tezeteta
390621,4,25,No Variant,HariKrishnan,Pimak,rahsosprout,Spieler42
390580,4,0,No Variant,HariKrishnan,Pimak,rahsosprout,Spieler42
390551,4,24,No Variant,CaitlinSmith,HariKrishnan,Pimak,Spieler42
390464,3,0,Brown (5 Suits),Padouga,Pimak,XMIL
390435,3,0,Brown (5 Suits),Padouga,Pimak,XMIL
390416,4,23,Black (5 Suits),Kaznad,Padouga,Pimak,XMIL
390377,4,25,No Variant,Kaznad,Kernel,Pimak,Spruelo
390349,4,0,No Variant,Kaznad,Kernel,Pimak,Spruelo
390334,4,19,No Variant,Kaznad,Kernel,Pimak,Spruelo
387983,4,25,White (5 Suits),Olipod,Padouga,Pimak,XMIL
387943,4,0,White (5 Suits),Olipod,Padouga,Pimak,XMIL
387891,5,24,Prism (5 Suits),bob65536,doctorabi,Padouga,Pimak,XMIL
387860,5,0,Prism (5 Suits),bob65536,doctorabi,Padouga,Pimak,XMIL
387641,4,0,White (6 Suits),eljavi,Lanvin,oliana,Pimak
387611,4,0,White (6 Suits),eljavi,Lanvin,oliana,Pimak
387603,4,24,Black & White (5 Suits),Lanvin,Pimak,sephiroth,swineherd
387591,4,0,Totally Blind (6 Suits),Daryl,Lanvin,macanek,Pimak
383171,4,0,Black (5 Suits),Alix_Eisenhardt,Kaznad,Padouga,Pimak
383136,4,23,Black (5 Suits),Alix_Eisenhardt,Kaznad,Padouga,Pimak
377309,3,0,No Variant,Kaznad,Padouga,Pimak
377278,3,0,No Variant,Kaznad,Padouga,Pimak
377270,3,0,No Variant,Kaznad,Padouga,Pimak
377248,4,23,No Variant,Alix_Eisenhardt,Kaznad,Padouga,Pimak
377173,3,25,No Variant,HariKrishnan,kinkajusrevenge,Pimak
377135,3,0,No Variant,HariKrishnan,kinkajusrevenge,Pimak
377080,5,24,No Variant,Daryl,HariKrishnan,kinkajusrevenge,Lanvin,Pimak
376853,3,23,Rainbow-Ones (5 Suits),Alix_Eisenhardt,Padouga,Pimak
376844,3,0,Rainbow-Ones (5 Suits),Alix_Eisenhardt,Padouga,Pimak
376839,4,23,Rainbow-Ones (5 Suits),Alix_Eisenhardt,Kernel,Padouga,Pimak
376821,4,25,Rainbow & Prism (5 Suits),Alix_Eisenhardt,Kernel,Padouga,Pimak
362976,4,29,Rainbow (6 Suits),florrat2,Libster,NoMercy,Pimak
362842,4,29,Dark Prism (6 Suits),derekcheah,Kyle,Pimak,willwin4sure
355890,5,19,White (4 Suits),Carunty,Div,Onen,Pablo-,Pimak
355887,4,0,White & Brown (6 Suits),Carunty,Div,Pablo-,Pimak
355885,4,30,White & Brown (6 Suits),Carunty,Div,Pablo-,Pimak
355882,3,0,Rainbow & White (6 Suits),Carunty,Pablo-,Pimak
355881,3,0,Rainbow & White (6 Suits),Carunty,Pablo-,Pimak
355880,3,0,Rainbow & White (6 Suits),Carunty,Pablo-,Pimak
355878,3,0,Rainbow & White (6 Suits),Carunty,Pablo-,Pimak
355858,5,0,Dark Prism (6 Suits),Lel0uch,Pimak,rachyrules,sin_faith,Sucubis
355854,5,0,Dark Prism (6 Suits),Lel0uch,Pimak,rachyrules,sin_faith,Sucubis
355071,5,0,Light Pink (5 Suits),Carunty,Pimak,robense,sin_faith,swineherd
354642,5,24,Muddy Rainbow (5 Suits),antitelharsic,Kyle,melwen,Pablo-,Pimak
354634,4,0,No Variant,bob65536,ejwu,Kyle,Pimak
354621,6,0,No Variant,bob65536,doctorabi,ejwu,frosty104,Kyle,Pimak
354365,3,0,White & Prism (5 Suits),kimbifille,Pimak,Tiramisu1th
354328,3,30,Black (6 Suits),Carunty,Lel0uch,Pimak
354324,3,29,Black (6 Suits),Carunty,Lel0uch,Pimak
354320,4,0,Dual-Color (6 Suits),Carunty,Lel0uch,melwen,Pimak
354314,6,0,Rainbow (4 Suits),Carunty,catula,derekcheah,melwen,Pimak,sin_faith
353062,2,21,No Variant,Eiifos,Pimak
353050,2,20,No Variant,Eiifos,Pimak
351641,3,24,Brown (5 Suits),catula,Pimak,sephiroth
351638,5,30,Pink (6 Suits),catula,jack67889,Pimak,sephiroth,Sucubis
341184,4,30,Prism (6 Suits),Carunty,doctorabi,Pimak,superbipbip
341179,4,0,Prism (6 Suits),Carunty,doctorabi,Pimak,superbipbip
341176,4,0,Prism (6 Suits),Carunty,doctorabi,Pimak,superbipbip
341164,4,25,No Variant,Carunty,doctorabi,Pimak,superbipbip
273514,4,25,Rainbow (5 Suits),Kyle,Pimak,swineherd,timotree
264509,4,25,No Variant,Clarendon,Pimak,swineherd,Wittvector
264482,4,23,No Variant,Clarendon,Pimak,swineherd,Wittvector
240786,5,24,No Variant,guava,ligal45,marie1337a,Pimak,Smandon
240750,4,0,No Variant,guava,ligal45,Pimak,Smandon
240713,5,23,No Variant,guava,imu_96,ligal45,Pimak,Smandon
215185,2,0,Black & White (6 Suits),DrJones,Pimak
215179,2,25,No Variant,DrJones,Pimak
191745,4,23,No Variant,ligal,MarekU,Pimak,tyrcho
191705,3,24,No Variant,ligal,MarekU,Pimak
191664,3,25,No Variant,ligal,MarekU,Pimak
191630,3,23,No Variant,ligal,MarekU,Pimak
191619,4,0,No Variant,darmonte,ligal,MarekU,Pimak
191602,3,24,No Variant,ligal,Pimak,tyrcho
190586,4,25,No Variant,Alix_Eisenhardt,Le_Codex,ligal,Pimak
190564,5,22,No Variant,Alix_Eisenhardt,Le_Codex,ligal,Padouga,Pimak
190548,4,23,No Variant,Le_Codex,Monthaonos,Padouga,Pimak
190524,4,0,No Variant,Alix_Eisenhardt,Le_Codex,Padouga,Pimak
190479,2,23,No Variant,Nils,Pimak
190460,4,0,No Variant,asaelr,pianoblook,Pimak,sephiroth
189714,2,24,No Variant,ligal,Pimak
189696,2,23,No Variant,ligal,Pimak
189687,2,0,No Variant,ligal,Pimak
189674,2,21,No Variant,ligal,Pimak
189660,2,0,No Variant,ligal,Pimak
189640,2,23,No Variant,ligal,Pimak
189618,2,24,No Variant,ligal,Pimak
189597,2,24,No Variant,ligal,Pimak
189580,2,23,No Variant,ligal,Pimak
189569,2,23,No Variant,ligal,Pimak
189539,2,23,No Variant,ligal,Pimak
189528,2,19,No Variant,ligal,Pimak
189515,2,0,No Variant,ligal,Pimak
189502,2,24,No Variant,ligal,Pimak
189486,2,23,No Variant,ligal,Pimak
185499,2,24,No Variant,ligal,Pimak
182744,6,28,White (6 Suits),Floriman,Lilliana,pianoblook,Pimak,sephiroth,TimeHoodie
182462,2,25,No Variant,ligal,Pimak
182458,2,19,No Variant,ligal,Pimak
182453,2,0,No Variant,ligal,Pimak
182441,2,0,No Variant,ligal,Pimak
182434,2,24,No Variant,ligal,Pimak
182432,2,23,No Variant,ligal,Pimak
182424,2,0,No Variant,ligal,Pimak
182421,2,21,No Variant,ligal,Pimak
182413,2,23,No Variant,ligal,Pimak
182408,2,22,No Variant,ligal,Pimak
182397,2,25,No Variant,ligal,Pimak
182383,2,24,No Variant,ligal,Pimak
182363,2,23,No Variant,ligal,Pimak
182349,2,0,No Variant,ligal,Pimak
182336,2,0,No Variant,ligal,Pimak
182323,2,19,No Variant,ligal,Pimak
182311,2,0,No Variant,ligal,Pimak
182306,2,0,No Variant,ligal,Pimak
182296,2,23,No Variant,ligal,Pimak
182271,2,0,No Variant,ligal,Pimak
182260,2,0,No Variant,ligal,Pimak
182239,2,0,No Variant,ligal,Pimak
182225,2,21,No Variant,ligal,Pimak
182203,2,0,No Variant,ligal,Pimak
182172,2,24,No Variant,ligal,Pimak
182157,2,25,No Variant,ligal,Pimak
182144,2,0,No Variant,ligal,Pimak
182143,2,0,No Variant,ligal,Pimak
182139,2,24,No Variant,ligal,Pimak
182121,2,23,No Variant,ligal,Pimak
182096,2,23,No Variant,ligal,Pimak
182073,2,0,No Variant,ligal,Pimak
182039,2,23,No Variant,ligal,Pimak
181974,2,22,No Variant,ligal,Pimak
181944,2,0,No Variant,ligal,Pimak
181920,2,21,No Variant,ligal,Pimak
181883,2,22,No Variant,ligal,Pimak
181857,2,0,No Variant,ligal,Pimak
181849,2,0,No Variant,ligal,Pimak
181838,2,0,No Variant,ligal,Pimak
181811,2,24,No Variant,ligal,Pimak
181794,2,21,No Variant,ligal,Pimak
181779,2,0,No Variant,ligal,Pimak
180409,4,0,Rainbow (5 Suits),melwen,Nitrate2,Pimak,swineherd
180370,4,0,Rainbow (5 Suits),melwen,Nitrate2,Pimak,swineherd
180304,4,24,No Variant,asaelr,gomesdos2u,JDepp,Pimak
180250,4,0,No Variant,asaelr,gomesdos2u,JDepp,Pimak
177358,5,21,No Variant,Alix_Eisenhardt,gomesdos2u,Lasior,Padouga,Pimak
177276,5,22,No Variant,Alix_Eisenhardt,gomesdos2u,Kaznad,Padouga,Pimak
177203,5,0,No Variant,Alix_Eisenhardt,gomesdos2u,Kaznad,Padouga,Pimak
177137,4,20,No Variant,Lilliana,mikefrenil,Pimak,swineherd
174591,3,0,No Variant,Dr_Kakashi,melwen,Pimak
174575,3,0,No Variant,Dr_Kakashi,MasN,Pimak
174560,4,0,No Variant,MasN,Pimak,sephiroth,TheDaniMan
174538,4,0,No Variant,MasN,Pimak,sephiroth,TheDaniMan
174519,4,24,No Variant,MasN,Pimak,sephiroth,TheDaniMan
174186,5,24,No Variant,anna567,honzas,JDepp,Pimak,swineherd
170074,4,29,Rainbow (6 Suits),Aluap,antitelharsic,derekcheah,Pimak
159372,4,25,No Variant,Kyle,Pimak,TimeHoodie,XMIL
159342,3,0,No Variant,Kyle,Pimak,TimeHoodie
159329,3,24,No Variant,Kyle,Pimak,TimeHoodie
129037,4,27,Rainbow (6 Suits),arnino,joaep2,LaFayetteX,Pimak
126885,4,0,Null (5 Suits),bulbasaur,Dr_Kakashi,Pimak,sin_faith
126874,4,0,Null (5 Suits),bulbasaur,Dr_Kakashi,Pimak,sin_faith
126863,2,20,No Variant,Dr_Kakashi,Pimak
126857,2,24,No Variant,Pimak,ratakiina
111477,3,25,No Variant,LaFayetteX,Maverick,Pimak
111466,3,22,No Variant,LaFayetteX,Maverick,Pimak
111454,2,0,No Variant,Pimak,rosa-lilie-2008
101602,5,22,White (5 Suits),CompleteTrust,Dr_Kakashi,FullPunish,Pimak,YacineH
101556,6,30,Rainbow (6 Suits),aladdin3,Dr_Kakashi,FullPunish,Kyle,Pimak,YacineH
101537,4,0,Rainbow (6 Suits),aladdin3,FullPunish,Pimak,Sindhuja
101511,4,0,No Variant,alphabeta,kodomazer,Pimak,Zakisan
101496,4,0,No Variant,alphabeta,kodomazer,Pimak,Zakisan
101481,4,25,No Variant,kodomazer,padi,Pimak,Zakisan
94512,5,25,No Variant,asaelr,Jake_Stiles,Pimak,Sucubis,Valetta6789
94492,5,0,No Variant,asaelr,Jake_Stiles,Pimak,Sucubis,Valetta6789
94476,5,0,No Variant,asaelr,Jake_Stiles,Pimak,Sucubis,Valetta6789
94463,5,0,No Variant,asaelr,Jake_Stiles,Pimak,Sucubis,Valetta6789
94344,6,0,No Variant,charmander,fow,Nils,padi,Pimak,sin_faith
94327,4,0,No Variant,padi,Pimak,sin_faith,YacineH
94323,4,24,No Variant,charmander,Pimak,sin_faith,YacineH
94317,4,0,No Variant,charmander,Pimak,sin_faith,YacineH
93396,3,25,No Variant,Alix_Eisenhardt,Padouga,Pimak
93368,3,0,No Variant,Alix_Eisenhardt,Padouga,Pimak
92056,4,30,Rainbow (6 Suits),bulbasaur,pikachuuu,Pimak,Zamiel
74941,4,0,Rainbow (5 Suits),Dr_Kakashi,Fireheart,Pimak,Valetta6789
74940,4,0,Rainbow (5 Suits),Dr_Kakashi,Fireheart,Pimak,Valetta6789
74934,4,22,No Variant,arnd,Pimak,Shos,wortel
74927,4,0,No Variant,arnd,Pimak,Shos,wortel
74922,4,23,No Variant,arnd,Pimak,Shos,wortel
57468,4,0,No Variant,Pimak,scharkbite,Valetta6789,Zamiel
56279,5,28,Rainbow (6 Suits),kodomazer,Kyle,micerang,NoMercy,Pimak
56278,4,25,No Variant,kodomazer,micerang,NoMercy,Pimak
56276,4,21,No Variant,asaelr,kodomazer,micerang,Pimak
56273,4,0,No Variant,asaelr,kodomazer,micerang,Pimak
56272,4,25,No Variant,cequoy,Pimak,Romain672,Valetta6789
56262,6,0,No Variant,asaelr,cequoy,JeffD,Pimak,Romain672,Valetta6789
55124,3,0,6 Suits,asaelr,Pimak,Valetta6789
55121,6,0,6 Suits,Floriman,Kyle,Livia,Pimak,Romain672,wortel
55099,2,28,White (6 Suits),Fireheart,Pimak
55098,2,0,White (6 Suits),Fireheart,Pimak
55075,3,0,No Variant,Pimak,riking,Valetta6789
52228,2,0,Black (5 Suits),Kyle,Pimak
50881,5,16,Rainbow (4 Suits),anser,Dr_Kakashi,invarse,Livia,Pimak
50872,6,0,Rainbow (5 Suits),Dr_Kakashi,Livia,Maiorskills,micerang,Pimak,Ptheven
50866,5,0,Pink-Fives (6 Suits),Dr_Kakashi,Livia,micerang,Pimak,Ptheven
50497,3,0,Gray (5 Suits),invarse,Pimak,Zamiel
50496,3,0,Gray (5 Suits),invarse,Pimak,Zamiel
50494,3,0,Gray (5 Suits),invarse,Pimak,Zamiel
50493,3,0,Gray (5 Suits),invarse,Pimak,Zamiel
50491,3,0,Gray (5 Suits),invarse,Pimak,Zamiel
50490,2,0,Rainbow & Pink (6 Suits),Pimak,Zamiel
50489,3,23,Gray (5 Suits),Kyle,Pimak,Zamiel
50487,3,0,Gray (5 Suits),Kyle,Pimak,Zamiel
50485,3,0,Gray (5 Suits),Kyle,Pimak,Zamiel
50484,5,0,Black & White (6 Suits),Kyle,Livia,Pimak,Sucubis,Zamiel
50481,6,25,Rainbow (5 Suits),Kyle,Libster,Livia,Pimak,Sucubis,Zamiel
50479,4,24,Rainbow (5 Suits),Kyle,Libster,Livia,Pimak
50478,5,24,Rainbow (5 Suits),Dr_Kakashi,Kyle,Livia,Pimak,scharkbite
49818,4,21,No Variant,Cory,Kyle,micerang,Pimak
49814,6,21,Dual-Color (5 Suits),Cory,Kyle,Maiorskills,micerang,Pimak,Sucubis
49812,5,0,Dual-Color (5 Suits),Kyle,Maiorskills,micerang,Pimak,Sucubis
49694,4,14,3 Suits,anser,moocow,Pimak,snakin
49635,2,21,No Variant,Pimak,rft50
49632,2,0,No Variant,Pimak,rft50
49630,2,22,No Variant,Pimak,rft50
49628,2,22,No Variant,Pimak,rft50
49620,4,22,No Variant,Dr_Kakashi,Jake_Stiles,Pimak,rft50
49618,3,0,No Variant,Fireheart,Jake_Stiles,Pimak
49614,4,25,No Variant,Fireheart,Jake_Stiles,Pimak,Ptheven
49432,4,28,6 Suits,asaelr,Dr_Kakashi,Kyle,Pimak
49429,4,0,6 Suits,asaelr,Dr_Kakashi,Kyle,Pimak
49428,3,25,No Variant,Dr_Kakashi,Kyle,Pimak
49366,4,18,4 Suits,Jake_Stiles,Libster,Pimak,Ptheven
49362,3,0,4 Suits,Fireheart,Pimak,Razvogor
49358,5,20,No Variant,Ahming,Fireheart,Jake_Stiles,Pimak,Razvogor
49356,4,25,No Variant,Cory,Jake_Stiles,Pimak,Ptheven
49355,3,0,No Variant,Cory,Pimak,Ptheven
49353,4,25,No Variant,Cory,Libster,Pimak,Will
49351,4,24,No Variant,anser,asaelr,Kyle,Pimak
49348,4,25,No Variant,anser,asaelr,Kyle,Pimak
49341,3,0,No Variant,DMoney,Kyle,Pimak
49339,3,0,No Variant,DMoney,Kyle,Pimak
49337,5,17,4 Suits,Dr_Kakashi,Kyle,Libster,Pimak,Razvogor
49336,5,0,4 Suits,Dr_Kakashi,Kyle,Libster,Pimak,Razvogor
49325,3,0,No Variant,Dr_Kakashi,Kyle,Pimak
49324,4,23,No Variant,Dr_Kakashi,Kyle,micerang,Pimak
49323,3,26,6 Suits,Dr_Kakashi,Kyle,Pimak
49287,4,24,No Variant,Dr_Kakashi,Pimak,Ptheven,qqqq
49279,4,24,No Variant,Cory,ggwpgg,Jake_Stiles,Pimak
49277,4,22,No Variant,Cory,ggwpgg,Jake_Stiles,Pimak
49272,4,24,No Variant,Dr_Kakashi,ggwpgg,Jake_Stiles,Pimak
49271,6,0,No Variant,Dr_Kakashi,ggwpgg,invarse,Jake_Stiles,micerang,Pimak
49266,3,25,No Variant,awe,micerang,Pimak
49263,6,0,No Variant,anser,awe,ggwpgg,Libster,micerang,Pimak
49262,6,0,No Variant,anser,asaelr,awe,ggwpgg,Libster,Pimak
49261,6,0,No Variant,anser,asaelr,awe,Cory,ggwpgg,Pimak
49259,3,21,No Variant,Ahming,Cory,Pimak
49255,3,0,No Variant,Ahming,Cory,Pimak
49252,3,23,No Variant,Cory,Pimak,Ptheven
49239,4,0,No Variant,asaelr,ggwpgg,Pimak,Ptheven
49232,2,30,6 Suits,asaelr,Pimak
49216,4,21,No Variant,ggwpgg,hanabornoob,micerang,Pimak
49212,3,20,4 Suits,Ahming,awe,Pimak
49211,3,0,No Variant,Ahming,awe,Pimak
49210,4,0,White (5 Suits),asaelr,awe,Dr_Kakashi,Pimak
49208,4,30,Rainbow (6 Suits),Ahming,awe,NoMercy,Pimak
49206,4,25,No Variant,Ahming,awe,NoMercy,Pimak
49203,5,0,No Variant,Ahming,awe,Jake_Stiles,NoMercy,Pimak