537744,3,25,Omni (5 Suits),mugsly,scepheo,Syrah
537731,3,25,Omni (5 Suits),mugsly,scepheo,Syrah
536434,5,24,Omni (5 Suits),Bashtalicious,charhanabi,mugsly,scepheo,Syrah
536424,5,0,Omni (5 Suits),Bashtalicious,charhanabi,mugsly,scepheo,Syrah
535592,5,21,Rainbow (5 Suits),Bashtalicious,charhanabi,mugsly,scepheo,Syrah
535582,4,0,Omni (5 Suits),Bashtalicious,charhanabi,mugsly,Syrah
534666,4,25,Deceptive-Ones (5 Suits),Bashtalicious,mugsly,scepheo,Syrah
534660,4,0,Deceptive-Ones (5 Suits),Bashtalicious,mugsly,scepheo,Syrah
534658,4,0,Deceptive-Ones (5 Suits),Bashtalicious,mugsly,scepheo,Syrah
534108,3,24,Omni & Prism (5 Suits),mugsly,scepheo,Syrah
534051,3,24,Omni & Prism (5 Suits),mugsly,scepheo,Syrah
533692,5,0,Deceptive-Ones (5 Suits),Bashtalicious,charhanabi,mugsly,scepheo,Syrah
533676,5,0,Pink (6 Suits),Bashtalicious,charhanabi,mugsly,scepheo,Syrah
532665,5,30,Pink (6 Suits),Bashtalicious,charhanabi,mugsly,scepheo,Syrah
532649,4,0,Rainbow (4 Suits),Bashtalicious,charhanabi,mugsly,Syrah
532078,3,25,Pink & Brown (5 Suits),mugsly,scepheo,Syrah
532025,3,25,Pink & White (5 Suits),mugsly,scepheo,Syrah
531232,3,29,Pink (6 Suits),mugsly,scepheo,Syrah
531199,3,0,Special Mix (5 Suits),mugsly,scepheo,Syrah
531170,3,0,Special Mix (5 Suits),mugsly,scepheo,Syrah
530163,2,24,Black & Dark Pink (6 Suits),scepheo,Syrah
530147,2,0,Black & Dark Pink (6 Suits),scepheo,Syrah
530138,2,0,Black & Dark Pink (6 Suits),scepheo,Syrah
530119,2,23,Black & Dark Pink (6 Suits),scepheo,Syrah
530092,2,27,Black & Dark Pink (6 Suits),scepheo,Syrah
530067,2,28,Black & Dark Pink (6 Suits),scepheo,Syrah
530049,2,0,Number Mute (5 Suits),scepheo,Syrah
528198,4,0,Light-Pink-Ones & Omni (6 Suits),indego,mystus,newduke,Syrah
528159,4,0,Light-Pink-Ones & Omni (6 Suits),MangoPie,mystus,newduke,Syrah
528135,4,0,Light-Pink-Ones & Omni (6 Suits),MangoPie,mystus,newduke,Syrah
528130,4,0,Light-Pink-Ones & Omni (6 Suits),MangoPie,mystus,newduke,Syrah
528112,3,25,Brown-Ones & White (5 Suits),mystus,newduke,Syrah
528049,3,0,Light-Pink-Ones & Omni (6 Suits),crossproduct,newduke,Syrah
528030,3,0,Light-Pink-Ones & Omni (6 Suits),crossproduct,newduke,Syrah
528021,3,0,Light-Pink-Ones & Omni (6 Suits),crossproduct,newduke,Syrah
527712,5,24,Pink (5 Suits),Bashtalicious,charhanabi,mugsly,scepheo,Syrah
526889,3,26,Cocoa Rainbow (6 Suits),Bashtalicious,scepheo,Syrah
526878,3,28,Cocoa Rainbow (6 Suits),Bashtalicious,scepheo,Syrah
525896,4,23,Pink (5 Suits),Bashtalicious,charhanabi,scepheo,Syrah
523367,2,30,Prism & Cocoa Rainbow (6 Suits),scepheo,Syrah
523350,2,0,Prism & Cocoa Rainbow (6 Suits),scepheo,Syrah
523345,2,18,Prism & Cocoa Rainbow (6 Suits),scepheo,Syrah
523326,2,29,Prism & Cocoa Rainbow (6 Suits),scepheo,Syrah
523317,2,0,Prism & Cocoa Rainbow (6 Suits),scepheo,Syrah
523312,2,0,Prism & Cocoa Rainbow (6 Suits),scepheo,Syrah
523301,2,0,Prism & Cocoa Rainbow (6 Suits),scepheo,Syrah
522967,5,30,Pink (6 Suits),Bashtalicious,charhanabi,mugsly,scepheo,Syrah
522410,4,28,Pink (6 Suits),Bashtalicious,mugsly,scepheo,Syrah
522394,4,24,Gray (5 Suits),Bashtalicious,mugsly,scepheo,Syrah
522267,2,0,Prism & Cocoa Rainbow (6 Suits),scepheo,Syrah
522259,2,25,Prism & Cocoa Rainbow (6 Suits),scepheo,Syrah
522251,2,0,Prism & Cocoa Rainbow (6 Suits),scepheo,Syrah
522151,4,0,Black & White (6 Suits),aquarelle,HelanaAshryvr,rz,Syrah
522142,4,0,Black & White (6 Suits),aquarelle,HelanaAshryvr,rz,Syrah
522040,4,28,Pink (6 Suits),Bashtalicious,charhanabi,mugsly,Syrah
521655,4,23,Gray (5 Suits),Bashtalicious,mugsly,scepheo,Syrah
521632,4,21,Gray (5 Suits),Bashtalicious,mugsly,scepheo,Syrah
521178,4,0,Rainbow (6 Suits),Bashtalicious,mugsly,scepheo,Syrah
521168,4,23,Gray (5 Suits),Bashtalicious,mugsly,scepheo,Syrah
520679,4,25,Gray (5 Suits),Bashtalicious,mugsly,scepheo,Syrah
520668,4,25,Gray (5 Suits),Bashtalicious,mugsly,scepheo,Syrah
520658,3,0,Gray (5 Suits),mugsly,scepheo,Syrah
520644,3,23,Special Mix (5 Suits),mugsly,scepheo,Syrah
520626,3,0,Special Mix (5 Suits),mugsly,scepheo,Syrah
520606,4,24,Rainbow Reversed (5 Suits),bob65536,BraydonM,macanek,Syrah
520588,3,20,Rainbow & White (4 Suits),BraydonM,macanek,Syrah
520557,2,20,Rainbow-Ones & Pink (4 Suits),scepheo,Syrah
520546,2,30,Brown-Ones & White (6 Suits),scepheo,Syrah
520539,2,0,Reversed (4 Suits),scepheo,Syrah
520535,2,0,Reversed (4 Suits),scepheo,Syrah
520532,2,0,Reversed (4 Suits),scepheo,Syrah
520335,3,19,Brown (4 Suits),Bashtalicious,scepheo,Syrah
520323,3,25,Brown (5 Suits),Bashtalicious,scepheo,Syrah
519800,4,28,Rainbow & Light Pink (6 Suits),dobi,Lanvin,Syrah,timotree
519454,3,23,Up or Down & Brown (5 Suits),ADrone,Fey,Syrah
519445,3,23,Up or Down & Brown (5 Suits),ADrone,Fey,Syrah
519436,3,24,Up or Down & Brown (5 Suits),ADrone,Fey,Syrah
519351,5,16,4 Suits,Bashtalicious,charhanabi,mugsly,scepheo,Syrah
519345,5,28,Gray (6 Suits),Bashtalicious,charhanabi,mugsly,scepheo,Syrah
518796,3,30,Clue Starved (6 Suits),mugsly,scepheo,Syrah
518762,3,27,Clue Starved (6 Suits),mugsly,scepheo,Syrah
518743,4,25,Gray (5 Suits),Bashtalicious,mugsly,scepheo,Syrah
517842,4,22,Gray (5 Suits),Bashtalicious,mugsly,scepheo,Syrah
517831,4,0,Gray (5 Suits),Bashtalicious,mugsly,scepheo,Syrah
517815,4,0,Gray (5 Suits),Bashtalicious,mugsly,scepheo,Syrah
517795,4,22,Gray (5 Suits),Bashtalicious,mugsly,scepheo,Syrah
517775,4,0,Gray (5 Suits),Bashtalicious,mugsly,scepheo,Syrah
517769,4,24,Gray (5 Suits),Bashtalicious,mugsly,scepheo,Syrah
517759,4,22,Gray (5 Suits),Bashtalicious,mugsly,scepheo,Syrah
517024,2,15,Rainbow & Prism (3 Suits),scepheo,Syrah
517010,2,24,Rainbow & Prism (5 Suits),scepheo,Syrah
516990,2,15,Prism (3 Suits),scepheo,Syrah
516983,2,20,Prism (4 Suits),scepheo,Syrah
516967,2,17,Prism (4 Suits),scepheo,Syrah
516959,2,25,Prism (5 Suits),scepheo,Syrah
516949,2,30,Prism (6 Suits),scepheo,Syrah
516938,2,0,Prism (6 Suits),scepheo,Syrah
516929,2,0,Prism (6 Suits),scepheo,Syrah
516920,2,0,Prism (6 Suits),scepheo,Syrah
516915,2,0,Prism (6 Suits),scepheo,Syrah
516906,2,20,White-Fives & Light Pink (4 Suits),scepheo,Syrah
516896,2,0,White-Fives & Light Pink (4 Suits),scepheo,Syrah
516893,2,0,Dual-Color (6 Suits),scepheo,Syrah
516881,2,30,Dual-Color (6 Suits),scepheo,Syrah
516871,2,28,Dual-Color (6 Suits),scepheo,Syrah
516862,2,0,Dual-Color (6 Suits),scepheo,Syrah
516850,2,0,Dual-Color (6 Suits),scepheo,Syrah
516840,2,15,Dual-Color (3 Suits),scepheo,Syrah
516798,2,25,Dual-Color (5 Suits),scepheo,Syrah
516790,2,0,Dual-Color (5 Suits),scepheo,Syrah
516779,2,24,Dual-Color (5 Suits),scepheo,Syrah
516739,2,0,Dual-Color (5 Suits),scepheo,Syrah
516738,2,0,Dual-Color (5 Suits),scepheo,Syrah
516734,2,23,Dual-Color (5 Suits),scepheo,Syrah
516727,2,0,Dual-Color (5 Suits),scepheo,Syrah
516724,2,0,Dual-Color (5 Suits),scepheo,Syrah
516719,2,0,Dual-Color (5 Suits),scepheo,Syrah
516686,5,10,3 Suits,Bashtalicious,charhanabi,mugsly,scepheo,Syrah
516676,5,26,Gray (6 Suits),Bashtalicious,charhanabi,mugsly,scepheo,Syrah
515642,4,30,Rainbow (6 Suits),Bashtalicious,charhanabi,mugsly,Syrah
515634,4,0,Gray (6 Suits),Bashtalicious,charhanabi,mugsly,Syrah
514773,4,0,Rainbow & White (6 Suits),Bashtalicious,charhanabi,scepheo,Syrah
514205,4,25,Dark Prism (5 Suits),Bot-Fiora,ChristopheAF,indego,Syrah
514178,4,24,Dark Prism (5 Suits),Bot-Fiora,ChristopheAF,indego,Syrah
514155,4,0,Dark Prism (5 Suits),Bot-Fiora,ChristopheAF,indego,Syrah
514094,3,24,Gray (5 Suits),Bashtalicious,scepheo,Syrah
514057,3,24,Black & Rainbow (5 Suits),Bashtalicious,scepheo,Syrah
514023,3,28,Up or Down (6 Suits),Bashtalicious,scepheo,Syrah
514003,3,25,Up or Down (6 Suits),Bashtalicious,scepheo,Syrah
513849,4,30,Rainbow (6 Suits),Bashtalicious,mugsly,scepheo,Syrah
513844,4,22,Gray (5 Suits),Bashtalicious,mugsly,scepheo,Syrah
513248,4,20,Gray (5 Suits),Bashtalicious,mugsly,scepheo,Syrah
513178,4,22,Gray (5 Suits),Bashtalicious,mugsly,scepheo,Syrah
513134,4,21,Gray (5 Suits),Bashtalicious,mugsly,scepheo,Syrah
513118,4,0,Gray (5 Suits),Bashtalicious,mugsly,scepheo,Syrah
513029,3,25,Gray (5 Suits),Bashtalicious,scepheo,Syrah
513021,3,0,Gray (5 Suits),Bashtalicious,scepheo,Syrah
513015,3,28,Gray (6 Suits),Bashtalicious,scepheo,Syrah
512437,3,0,Gray (5 Suits),mugsly,scepheo,Syrah
512385,3,28,Clue Starved (6 Suits),mugsly,scepheo,Syrah
512123,3,29,Clue Starved (6 Suits),mugsly,scepheo,Syrah
511606,4,28,Light Pink (6 Suits),MangoPie,mystus,Syrah,timotree
510655,3,0,Clue Starved (6 Suits),mugsly,scepheo,Syrah
510647,3,0,Clue Starved (6 Suits),mugsly,scepheo,Syrah
510620,4,23,Gray (5 Suits),Bashtalicious,mugsly,scepheo,Syrah
510576,4,22,Gray (5 Suits),Bashtalicious,mugsly,scepheo,Syrah
510553,4,0,Gray (5 Suits),Bashtalicious,mugsly,scepheo,Syrah
510507,4,22,Gray (5 Suits),Bashtalicious,mugsly,scepheo,Syrah
510481,4,0,Gray (5 Suits),Bashtalicious,mugsly,scepheo,Syrah
510478,4,0,Gray (5 Suits),Bashtalicious,mugsly,scepheo,Syrah
510467,3,0,Clue Starved (6 Suits),mugsly,scepheo,Syrah
510450,3,29,Clue Starved (6 Suits),mugsly,scepheo,Syrah
510321,4,27,Black & Light Pink (6 Suits),Kyle,rz,Syrah,wump
510277,3,25,Pink & Light Pink (5 Suits),rz,Syrah,Wittvector
510259,3,0,Pink & Light Pink (5 Suits),rz,Syrah,Wittvector
510149,4,25,No Variant,Bashtalicious,charhanabi,mugsly,Syrah
510144,4,29,Gray (6 Suits),Bashtalicious,charhanabi,mugsly,Syrah
509621,5,28,White-Ones & Pink (6 Suits),Floriman,Lanvin,MarkusKahlsen,rz,Syrah
509591,5,0,White-Ones & Pink (6 Suits),Floriman,Lanvin,MarkusKahlsen,rz,Syrah
509558,5,0,White-Ones & Pink (6 Suits),Floriman,Lanvin,MarkusKahlsen,rz,Syrah
509393,5,0,Black & Rainbow (6 Suits),ChristopheAF,MarkusKahlsen,rz,squirrel1988,Syrah
509288,5,0,No Variant,Bashtalicious,charhanabi,mugsly,scepheo,Syrah
509284,5,29,Gray (6 Suits),Bashtalicious,charhanabi,mugsly,scepheo,Syrah
508402,4,13,3 Suits,Bashtalicious,mugsly,scepheo,Syrah
508374,4,24,Gray (5 Suits),Bashtalicious,mugsly,scepheo,Syrah
507929,5,30,Dark Omni (6 Suits),ChristopheAF,Lanvin,MangoPie,melwen,Syrah
507902,5,0,Dark Omni (6 Suits),ChristopheAF,Lanvin,MangoPie,melwen,Syrah
507891,5,0,Dark Omni (6 Suits),ChristopheAF,Lanvin,MangoPie,melwen,Syrah
507880,5,25,Rainbow & Omni (5 Suits),ChristopheAF,colton,Lanvin,MangoPie,Syrah
507856,4,28,White-Ones & Pink (6 Suits),colton,Lanvin,MangoPie,Syrah
507808,5,27,Black & Rainbow (6 Suits),desymo99,giorgio3110,newduke,Plum,Syrah
507445,4,14,3 Suits,Bashtalicious,mugsly,scepheo,Syrah
507438,4,30,Gray (6 Suits),Bashtalicious,mugsly,scepheo,Syrah
506419,5,0,Black & White (6 Suits),Bashtalicious,charhanabi,mugsly,scepheo,Syrah
506411,4,0,Black & White (6 Suits),Bashtalicious,mugsly,scepheo,Syrah
506410,4,0,Black & White (6 Suits),Bashtalicious,mugsly,scepheo,Syrah
505576,3,25,Null (5 Suits),mugsly,scepheo,Syrah
505508,3,19,Null (5 Suits),mugsly,scepheo,Syrah
505457,3,22,Null (5 Suits),mugsly,scepheo,Syrah
504601,3,25,No Variant,mugsly,scepheo,Syrah
504566,3,24,Null (5 Suits),mugsly,scepheo,Syrah
504470,3,0,Null (5 Suits),mugsly,scepheo,Syrah
504414,3,25,Null (5 Suits),mugsly,scepheo,Syrah
504375,3,24,Null (5 Suits),mugsly,scepheo,Syrah
502789,5,30,Prism (6 Suits),Bashtalicious,charhanabi,mugsly,scepheo,Syrah
502769,5,0,Prism (6 Suits),Bashtalicious,charhanabi,mugsly,scepheo,Syrah
502247,3,25,Null (5 Suits),knaphill,robense,Syrah
502161,2,0,Cocoa Rainbow (5 Suits),Lanvin,Syrah
502151,2,19,Cocoa Rainbow (5 Suits),Lanvin,Syrah
502112,5,25,Pink & Prism (5 Suits),ChristopheAF,MangoPie,MarkusKahlsen,swineherd,Syrah
502070,5,0,Dark Brown (6 Suits),ChristopheAF,kevincaseytdk1,MangoPie,Syrah,VerySloppyTwo
502035,5,0,Dark Brown (6 Suits),ChristopheAF,kevincaseytdk1,MangoPie,Syrah,VerySloppyTwo
501862,5,0,Rainbow (5 Suits),Nitrate,Plum,Syrah,vjk,voss
501826,5,29,Light Pink & Prism (6 Suits),Lanvin,Lel0uch,melwen,Syrah,Wittvector
501822,5,0,Light Pink & Prism (6 Suits),Lanvin,Lel0uch,melwen,Syrah,Wittvector
501819,5,30,White & Light Pink (6 Suits),Lanvin,Lel0uch,melwen,Syrah,Wittvector
501803,3,0,Ambiguous & Rainbow (5 Suits),Lanvin,Syrah,Wittvector
501796,2,0,Cocoa Rainbow (5 Suits),Lanvin,Syrah
501794,2,0,Cocoa Rainbow (5 Suits),Lanvin,Syrah
501790,5,10,3 Suits,Bashtalicious,charhanabi,mugsly,scepheo,Syrah
501784,4,29,Black & White (6 Suits),Bashtalicious,charhanabi,mugsly,Syrah
500884,4,25,White-Ones & Rainbow (5 Suits),IsabeltheCat,jack67889,Syrah,Wittvector
500869,4,28,Black (6 Suits),dobi,Syrah,Wittvector,Zakisan
500850,3,0,Rainbow & Gray (6 Suits),Syrah,Wittvector,Zakisan
500840,3,29,Rainbow & Gray (6 Suits),Syrah,Wittvector,Zakisan
500174,3,25,Null (5 Suits),mugsly,scepheo,Syrah
500068,3,25,Null (5 Suits),mugsly,scepheo,Syrah
500021,3,0,Null (5 Suits),mugsly,scepheo,Syrah
498503,6,22,Black (5 Suits),HelanaAshryvr,indego,knaphill,newduke,sin_faith,Syrah
498495,6,0,Black (5 Suits),HelanaAshryvr,indego,knaphill,newduke,sin_faith,Syrah
498490,4,0,Pink (6 Suits),indego,newduke,sin_faith,Syrah
498418,3,25,Black & Pink (5 Suits),HelanaAshryvr,Syrah,Wittvector
498321,3,28,Black & White (6 Suits),charhanabi,scepheo,Syrah
497430,3,25,Null (5 Suits),mugsly,scepheo,Syrah
497380,3,25,Null (5 Suits),mugsly,scepheo,Syrah
497351,3,0,Null (5 Suits),mugsly,scepheo,Syrah
496594,4,23,Muddy Rainbow (5 Suits),Bot-Fiora,DarthGandalf,griff77,Syrah
496495,5,24,White & Muddy Rainbow (5 Suits),asaelr,Lanvin,swineherd,Syrah,voss
496074,3,0,Null (5 Suits),mugsly,scepheo,Syrah
496037,3,0,Null (5 Suits),mugsly,scepheo,Syrah
495978,3,25,Null (5 Suits),mugsly,scepheo,Syrah
495905,3,27,Black & White (6 Suits),possum,qqqq,Syrah
495485,4,0,Black (6 Suits),griff77,kevincaseytdk1,MangoPie,Syrah
495462,5,24,Gray (5 Suits),colton,griff77,kevincaseytdk1,MangoPie,Syrah
495440,3,0,Black (5 Suits),CaitlinSmith,kevincaseytdk1,Syrah
495399,3,0,Null (5 Suits),mugsly,scepheo,Syrah
495357,3,0,Null (5 Suits),mugsly,scepheo,Syrah
495331,3,0,Null (5 Suits),mugsly,scepheo,Syrah
495265,3,0,Null (5 Suits),mugsly,scepheo,Syrah
495178,2,0,Ambiguous (6 Suits),scepheo,Syrah
495170,2,0,Ambiguous (6 Suits),scepheo,Syrah
495148,2,0,Ambiguous (6 Suits),scepheo,Syrah
495123,2,0,Ambiguous (6 Suits),scepheo,Syrah
495113,2,0,Ambiguous (6 Suits),scepheo,Syrah
495103,2,15,3 Suits,scepheo,Syrah
495021,2,20,4 Suits,scepheo,Syrah
494999,2,0,4 Suits,scepheo,Syrah
494926,5,30,Reversed (6 Suits),duckless,Fey,Lel0uch,sin_faith,Syrah
494907,4,28,Prism (6 Suits),duckless,Fey,Meowie,Syrah
494897,5,0,Prism (6 Suits),BananaBum,Fey,possum,PotatoLatte,Syrah
494888,4,25,White (5 Suits),BananaBum,possum,PotatoLatte,Syrah
494799,5,25,No Variant,asaelr,BananaBum,Fey,possum,Syrah
494773,4,25,No Variant,charhanabi,mugsly,scepheo,Syrah
494384,4,0,White-Ones & Prism (6 Suits),HelanaAshryvr,Lanvin,melwen,Syrah
494370,4,0,White-Ones & Prism (6 Suits),HelanaAshryvr,Lanvin,melwen,Syrah
494355,6,0,Pink & White (6 Suits),dobi,Lanvin,melwen,Pimak,squirrel1988,Syrah
494333,5,0,Dark Omni (6 Suits),HelanaAshryvr,Lanvin,melwen,Pimak,Syrah
494291,5,0,Rainbow & Light Pink (6 Suits),colton,HelanaAshryvr,Lanvin,squirrel1988,Syrah
494264,4,30,Up or Down (6 Suits),bjnh,HelanaAshryvr,Lanvin,Syrah
494225,4,0,Up or Down (6 Suits),bjnh,HelanaAshryvr,Lanvin,Syrah
494212,4,0,Up or Down (6 Suits),bjnh,HelanaAshryvr,Lanvin,Syrah
494044,3,0,Rainbow & White (6 Suits),Fey,Syrah,TheDaniMan
494030,3,27,Rainbow & White (6 Suits),Fey,Syrah,TheDaniMan
494009,3,24,Black & White (5 Suits),Denchulitas,Syrah,wolfpack
494000,3,0,Black & White (5 Suits),Denchulitas,Syrah,wolfpack
493995,3,21,Black & White (5 Suits),Denchulitas,Syrah,wolfpack
493914,4,25,No Variant,Bashtastic,charhanabi,mugsly,Syrah
493904,4,24,No Variant,Bashtastic,charhanabi,mugsly,Syrah
493539,4,30,Muddy Rainbow (6 Suits),bob65536,HelanaAshryvr,Lanvin,Syrah
493524,4,0,Pink & Prism (5 Suits),bob65536,Lanvin,MarkusKahlsen,Syrah
493513,4,30,Pink & Prism (6 Suits),HelanaAshryvr,Lanvin,MarkusKahlsen,Syrah
493490,4,20,Rainbow & Pink (4 Suits),jack67889,Lanvin,rahsosprout,Syrah
493470,4,0,Rainbow & Pink (4 Suits),jack67889,Lanvin,rahsosprout,Syrah
493062,3,21,Black & Rainbow (5 Suits),swineherd,Syrah,Zakisan
493056,3,0,Black & Rainbow (5 Suits),swineherd,Syrah,Zakisan
493052,3,0,Black & Rainbow (5 Suits),swineherd,Syrah,Zakisan
493006,4,28,Black (6 Suits),charhanabi,mugsly,scepheo,Syrah
492566,3,30,Pink-Ones & Gray (6 Suits),mugsly,scepheo,Syrah
492444,3,29,Pink-Ones & Gray (6 Suits),mugsly,scepheo,Syrah
492351,3,0,Pink-Ones & Gray (6 Suits),mugsly,scepheo,Syrah
492322,3,0,Black & Light Pink (5 Suits),CaitlinSmith,kevincaseytdk1,Syrah
492303,3,0,Black & Light Pink (5 Suits),CaitlinSmith,kevincaseytdk1,Syrah
492293,3,0,Black & Light Pink (5 Suits),CaitlinSmith,kevincaseytdk1,Syrah
492204,3,0,Black & Rainbow (5 Suits),kinkajusrevenge,knaphill,Syrah
492199,3,0,Black & Rainbow (5 Suits),kinkajusrevenge,knaphill,Syrah
492188,5,0,Rainbow & Light Pink (6 Suits),dobi,knaphill,Nitrate,Syrah,Wittvector
492153,3,0,Dual-Color & Pink (6 Suits),Lel0uch,Syrah,Wittvector
492078,2,23,Pink & White (5 Suits),Lanvin,Syrah
492070,2,25,Rainbow & Pink (5 Suits),Lanvin,Syrah
492043,5,29,Black (6 Suits),Bashtalicious,charhanabi,mugsly,scepheo,Syrah
492033,5,0,Black (6 Suits),Bashtalicious,charhanabi,mugsly,scepheo,Syrah
491240,4,25,No Variant,mgce,Nitrate,Spieler42,Syrah
491223,5,0,Rainbow & Prism (5 Suits),IsabeltheCat,kimbifille,MangoPie,Nitrate,Syrah
491123,3,0,Pink-Ones & Gray (6 Suits),mugsly,scepheo,Syrah
491116,3,0,Pink-Ones & Gray (6 Suits),mugsly,scepheo,Syrah
491102,3,0,Pink-Ones & Gray (6 Suits),mugsly,scepheo,Syrah
491086,3,0,Pink-Ones & Gray (6 Suits),mugsly,scepheo,Syrah
491079,3,0,Pink-Ones & Gray (6 Suits),mugsly,scepheo,Syrah
490756,3,30,White-Ones & Muddy Rainbow (6 Suits),mugsly,scepheo,Syrah
490708,3,0,White-Ones & Muddy Rainbow (6 Suits),mugsly,scepheo,Syrah
490652,3,15,White Reversed (3 Suits),mugsly,scepheo,Syrah
490618,3,14,White Reversed (3 Suits),mugsly,scepheo,Syrah
490601,3,0,White Reversed (3 Suits),mugsly,scepheo,Syrah
490589,3,14,White Reversed (3 Suits),mugsly,scepheo,Syrah
490554,3,30,White-Fives & Omni (6 Suits),mugsly,scepheo,Syrah
490512,3,0,White-Fives & Omni (6 Suits),mugsly,scepheo,Syrah
490495,3,0,White-Fives & Omni (6 Suits),mugsly,scepheo,Syrah
490481,5,25,Pink (5 Suits),griff77,MangoPie,Nitrate,rz,Syrah
489734,3,25,Rainbow & Muddy Rainbow (5 Suits),MangoPie,scepheo,Syrah
489707,3,0,Rainbow & Muddy Rainbow (5 Suits),MangoPie,scepheo,Syrah
489687,3,0,Rainbow & Muddy Rainbow (5 Suits),MangoPie,scepheo,Syrah
489659,2,25,Rainbow & Muddy Rainbow (5 Suits),scepheo,Syrah
489549,5,30,Brown (6 Suits),griff77,MangoPie,Syrah,wolfpack,wump
489522,5,0,Brown (6 Suits),griff77,MangoPie,Syrah,wolfpack,wump
489483,6,0,Pink & White (6 Suits),jack67889,Lel0uch,melwen,Nitrate,Syrah,VerySloppyTwo
489468,5,0,White & Dark Prism (5 Suits),indego,Lel0uch,melwen,Nitrate,Syrah
489452,3,0,Rainbow & Brown (6 Suits),Lanvin,Nitrate,Syrah
489445,2,22,Gray (5 Suits),Lanvin,Syrah
489408,3,0,Dark Prism Reversed (5 Suits),Fey,sephiroth,Syrah
489320,3,13,White Reversed (3 Suits),mugsly,scepheo,Syrah
489314,3,0,White-Fives & Omni (6 Suits),mugsly,scepheo,Syrah
489306,3,0,White-Fives & Omni (6 Suits),mugsly,scepheo,Syrah
488771,3,0,White-Fives & Omni (6 Suits),mugsly,scepheo,Syrah
488720,3,20,Brown & Omni (4 Suits),mugsly,scepheo,Syrah
488621,3,25,Dark Null (5 Suits),mugsly,scepheo,Syrah
488224,5,27,Black (6 Suits),Bashtalicious,charhanabi,mugsly,scepheo,Syrah
488204,5,28,Rainbow & Dark Brown (6 Suits),asaelr,derekcheah,Lel0uch,melwen,Syrah
487320,3,30,Black (6 Suits),Bashtalicious,mugsly,Syrah
487310,3,0,Black (6 Suits),Bashtalicious,mugsly,Syrah
486768,6,0,Dark Rainbow (6 Suits),ChristopheAF,HelanaAshryvr,Lanvin,squirrel1988,Syrah,VerySloppyTwo
486707,3,0,Up or Down & Omni (6 Suits),CaitlinSmith,knaphill,Syrah
486689,3,0,Up or Down & Omni (6 Suits),CaitlinSmith,knaphill,Syrah
486678,6,0,Black & Brown (6 Suits),CaitlinSmith,Denchulitas,knaphill,Onen,sephiroth,Syrah
486660,6,0,Black & Brown (6 Suits),CaitlinSmith,Denchulitas,knaphill,Onen,sephiroth,Syrah
486363,5,27,Black (6 Suits),Bashtalicious,charhanabi,mugsly,scepheo,Syrah
485441,3,0,Dark Prism Reversed (5 Suits),knaphill,possum,Syrah
485415,3,0,Dark Prism Reversed (5 Suits),knaphill,sephiroth,Syrah
485408,3,0,Dark Prism Reversed (5 Suits),knaphill,sephiroth,Syrah
485378,4,25,Up or Down & Pink (5 Suits),asaelr,sephiroth,Syrah,VerySloppyTwo
485339,5,22,Black (5 Suits),Bashtalicious,charhanabi,mugsly,scepheo,Syrah
485328,4,23,Black (5 Suits),Bashtalicious,mugsly,scepheo,Syrah
485320,4,0,Black (5 Suits),Bashtalicious,mugsly,scepheo,Syrah
484712,4,30,Black & Pink (6 Suits),kopen,Lanvin,Onen,Syrah
484697,3,0,Black & Pink (6 Suits),Lanvin,Onen,Syrah
484689,3,0,Black & Pink (6 Suits),Lanvin,Onen,Syrah
484447,3,0,Up or Down & Omni (6 Suits),knaphill,sephiroth,Syrah
484410,3,0,Up or Down & Omni (6 Suits),knaphill,sephiroth,Syrah
484349,3,20,Rainbow-Ones & Prism (4 Suits),jack67889,Lanvin,Syrah
484344,3,0,Rainbow-Ones & Prism (4 Suits),jack67889,Lanvin,Syrah
484332,5,0,Rainbow-Ones & Prism (4 Suits),catula,HelanaAshryvr,jack67889,Lanvin,Syrah
484316,5,0,Rainbow (5 Suits),Bashtalicious,charhanabi,mugsly,scepheo,Syrah
483327,3,0,Dark Null (5 Suits),mugsly,scepheo,Syrah
483311,3,0,Dark Null (5 Suits),mugsly,scepheo,Syrah
483308,3,0,Dark Null (5 Suits),mugsly,scepheo,Syrah
482768,4,29,Dark Prism (6 Suits),bjnh,Lanvin,MangoPie,Syrah
482734,2,30,6 Suits,scepheo,Syrah
482720,2,0,6 Suits,scepheo,Syrah
482710,2,0,6 Suits,scepheo,Syrah
482703,2,0,6 Suits,scepheo,Syrah
482699,2,26,6 Suits,scepheo,Syrah
482682,2,0,6 Suits,scepheo,Syrah
482676,2,0,6 Suits,scepheo,Syrah
482672,2,0,6 Suits,scepheo,Syrah
482636,2,30,Pink (6 Suits),scepheo,Syrah
482603,2,0,Pink (6 Suits),scepheo,Syrah
482577,2,0,Pink (6 Suits),scepheo,Syrah
481210,4,0,Dark Rainbow (6 Suits),Fey,robense,Syrah,Zakisan
481202,4,0,Dark Rainbow (6 Suits),Fey,robense,Syrah,Zakisan
481196,4,0,Dark Rainbow (6 Suits),Fey,robense,Syrah,Zakisan
481189,4,29,Dark Rainbow (6 Suits),Fey,robense,Syrah,Zakisan
481173,4,0,Rainbow & Omni (4 Suits),hakha3,HelanaAshryvr,robense,Syrah
480125,5,0,Rainbow & Brown (6 Suits),hakha3,kinkajusrevenge,Lel0uch,possum,Syrah
480113,4,30,Rainbow & Muddy Rainbow (6 Suits),asaelr,hakha3,Lel0uch,Syrah
480105,4,0,Rainbow & Muddy Rainbow (6 Suits),asaelr,hakha3,Lel0uch,Syrah
480032,3,30,Up or Down & Light Pink (6 Suits),melwen,sephiroth,Syrah
478967,5,24,White (5 Suits),Bashtalicious,charhanabi,mugsly,scepheo,Syrah
478006,4,23,Black (5 Suits),colton,Onen,Syrah,voss
477993,3,13,Rainbow & Pink (3 Suits),HelanaAshryvr,Lanvin,Syrah
477986,3,0,Prism & Dark Pink (6 Suits),HelanaAshryvr,Lanvin,Syrah
477911,3,0,Dark Null (5 Suits),mugsly,scepheo,Syrah
477265,4,20,Brown-Ones & Brown (4 Suits),ChristopheAF,Lanvin,Syrah,VerySloppyTwo
477235,4,18,Brown-Ones & Brown (4 Suits),ChristopheAF,Lanvin,Syrah,VerySloppyTwo
477206,5,0,Prism & Dark Pink (6 Suits),CaitlinSmith,ChristopheAF,Lanvin,Syrah,VerySloppyTwo
477196,5,0,Prism & Dark Pink (6 Suits),CaitlinSmith,ChristopheAF,Lanvin,Syrah,VerySloppyTwo
477181,5,0,Prism & Dark Pink (6 Suits),CaitlinSmith,ChristopheAF,Lanvin,Syrah,VerySloppyTwo
477143,4,21,Black & Brown (5 Suits),CaitlinSmith,Lanvin,Syrah,VerySloppyTwo
477113,5,20,Rainbow & Pink (4 Suits),CaitlinSmith,Lanvin,MarkusKahlsen,Syrah,VerySloppyTwo
476796,5,26,Black (6 Suits),Bashtalicious,charhanabi,mugsly,scepheo,Syrah
476781,4,0,Black (6 Suits),Bashtalicious,mugsly,scepheo,Syrah
476475,3,0,Brown & Omni (4 Suits),mugsly,scepheo,Syrah
476443,3,0,Dark Null (5 Suits),mugsly,scepheo,Syrah
476425,3,0,Dark Null (5 Suits),mugsly,scepheo,Syrah
476414,3,0,Dark Null (5 Suits),mugsly,scepheo,Syrah
476382,3,0,Dark Null (5 Suits),mugsly,scepheo,Syrah
476354,3,0,Dark Null (5 Suits),mugsly,scepheo,Syrah
476303,3,24,Dark Null (5 Suits),mugsly,scepheo,Syrah
476271,3,0,Dark Null (5 Suits),mugsly,scepheo,Syrah
476242,3,23,Dark Null (5 Suits),mugsly,scepheo,Syrah
476157,2,0,Pink (6 Suits),scepheo,Syrah
476110,2,30,Rainbow (6 Suits),scepheo,Syrah
476062,2,0,Rainbow (6 Suits),scepheo,Syrah
476027,2,25,No Variant,scepheo,Syrah
476006,2,0,White-Fives & Omni (6 Suits),scepheo,Syrah
475996,2,0,White-Fives & Omni (6 Suits),scepheo,Syrah
475992,2,0,White-Fives & Omni (6 Suits),scepheo,Syrah
475977,2,0,White-Fives & Omni (6 Suits),scepheo,Syrah
475759,3,20,White-Ones (4 Suits),mugsly,scepheo,Syrah
475748,3,0,Dark Null (5 Suits),mugsly,scepheo,Syrah
475737,3,0,Dark Null (5 Suits),mugsly,scepheo,Syrah
475731,3,0,Dark Null (5 Suits),mugsly,scepheo,Syrah
474795,3,0,Dark Null (5 Suits),mugsly,scepheo,Syrah
474784,3,0,Dark Null (5 Suits),mugsly,scepheo,Syrah
474776,3,0,Dark Null (5 Suits),mugsly,scepheo,Syrah
474763,3,24,Dark Null (5 Suits),mugsly,scepheo,Syrah
474744,3,24,Dark Null (5 Suits),mugsly,scepheo,Syrah
474728,3,0,Dark Null (5 Suits),mugsly,scepheo,Syrah
473904,5,0,Rainbow & Gray Pink (5 Suits),Fey,HelanaAshryvr,Lanvin,Nitrate,Syrah
473873,4,0,Rainbow & Prism (5 Suits),Fey,Lanvin,Nitrate,Syrah
473863,5,0,Dark Pink (6 Suits),Denchulitas,Fey,Lanvin,Nitrate,Syrah
473856,5,0,Brown (6 Suits),Denchulitas,Fey,Lanvin,Nitrate,Syrah
473843,5,27,Brown (6 Suits),Denchulitas,Fey,Lanvin,Nitrate,Syrah
473535,3,0,Dark Null (5 Suits),mugsly,scepheo,Syrah
473523,4,27,Rainbow (6 Suits),Bashtalicious,mugsly,scepheo,Syrah
471851,4,0,Dark Omni (6 Suits),kevincaseytdk1,newduke,Syrah,Zamiel
471825,4,0,Muddy Rainbow (4 Suits),kevincaseytdk1,newduke,Syrah,Zamiel
471816,5,0,Muddy Rainbow (4 Suits),kevincaseytdk1,Kyle,Lanvin,Syrah,Zamiel
471768,5,0,Muddy Rainbow (4 Suits),kevincaseytdk1,Kyle,Lanvin,Syrah,Zamiel
471732,5,0,Muddy Rainbow (4 Suits),kevincaseytdk1,Kyle,Lanvin,Syrah,Zamiel
471320,5,0,Rainbow & White (4 Suits),Aluap,HelanaAshryvr,Lanvin,rz,Syrah
471262,5,27,Black (6 Suits),Bashtalicious,charhanabi,mugsly,scepheo,Syrah
471256,5,0,Black (5 Suits),Bashtalicious,charhanabi,mugsly,scepheo,Syrah
471255,4,0,Black (6 Suits),charhanabi,mugsly,scepheo,Syrah
470570,5,0,Special Mix (5 Suits),ChristopheAF,Floriman,hakha3,MangoPie,Syrah
470551,5,0,Special Mix (5 Suits),ChristopheAF,Floriman,hakha3,MangoPie,Syrah
470536,5,0,Special Mix (5 Suits),ChristopheAF,Floriman,hakha3,MangoPie,Syrah
470507,5,0,Special Mix (5 Suits),ChristopheAF,Floriman,hakha3,MangoPie,Syrah
470473,5,0,Special Mix (5 Suits),ChristopheAF,Floriman,hakha3,MangoPie,Syrah
470454,5,23,Special Mix (5 Suits),ChristopheAF,Floriman,Lanvin,squirrel1988,Syrah
470258,3,0,Rainbow (6 Suits),asaelr,NumerateClutter,Syrah
470251,3,30,Rainbow (6 Suits),asaelr,NumerateClutter,Syrah
470217,5,0,Rainbow (6 Suits),ChristopheAF,kevincaseytdk1,Syrah,Wittvector,wolfpack
470085,4,25,No Variant,Bashtalicious,mugsly,scepheo,Syrah
470079,4,20,White (4 Suits),Bashtalicious,mugsly,scepheo,Syrah
470072,3,0,White (5 Suits),Bashtalicious,scepheo,Syrah
469463,3,24,Dark Null (5 Suits),mugsly,scepheo,Syrah
469426,3,0,Dark Null (5 Suits),mugsly,scepheo,Syrah
469368,3,24,Dark Null (5 Suits),mugsly,scepheo,Syrah
469310,3,0,Dark Null (5 Suits),mugsly,scepheo,Syrah
469277,3,0,Dark Null (5 Suits),mugsly,scepheo,Syrah
469241,3,0,Dark Null (5 Suits),mugsly,scepheo,Syrah
469234,3,0,Dark Null (5 Suits),mugsly,scepheo,Syrah
468938,5,30,White (6 Suits),Bashtalicious,charhanabi,mugsly,scepheo,Syrah
468930,5,0,White (6 Suits),Bashtalicious,charhanabi,mugsly,scepheo,Syrah
468274,3,0,Dark Null (5 Suits),mugsly,scepheo,Syrah
468209,3,25,No Variant,mugsly,scepheo,Syrah
468169,3,25,Alternating Clues & White (5 Suits),mugsly,scepheo,Syrah
468119,3,0,Alternating Clues & White (5 Suits),mugsly,scepheo,Syrah
467044,5,0,Special Mix (5 Suits),ChristopheAF,hakha3,Lanvin,Syrah,VerySloppyTwo
467021,5,0,Special Mix (5 Suits),ChristopheAF,hakha3,Lanvin,Syrah,VerySloppyTwo
466173,4,25,Rainbow-Ones & Prism (5 Suits),Lanvin,MarcLovesDogs,melwen,Syrah
466084,5,22,Rainbow & Prism (5 Suits),kevincaseytdk1,kopen,nwajfromoz,rz,Syrah
466059,5,0,Rainbow & Prism (5 Suits),kevincaseytdk1,kopen,nwajfromoz,rz,Syrah
466033,5,0,Rainbow & Prism (5 Suits),kevincaseytdk1,kopen,nwajfromoz,rz,Syrah
466001,4,0,Rainbow & Prism (5 Suits),kevincaseytdk1,Lanvin,rz,Syrah
465969,5,29,Gray (6 Suits),indego,Lanvin,rz,Syrah,TimeHoodie
465590,3,20,Muddy-Rainbow-Ones & White (4 Suits),mugsly,scepheo,Syrah
465582,3,0,Muddy-Rainbow-Ones & White (4 Suits),mugsly,scepheo,Syrah
465576,5,17,White (4 Suits),Bashtalicious,charhanabi,mugsly,scepheo,Syrah
465567,5,0,White (5 Suits),Bashtalicious,charhanabi,mugsly,scepheo,Syrah
465085,4,23,Black & Rainbow (5 Suits),dobi,MarkusKahlsen,Nitrate,Syrah
465070,5,30,Light-Pink-Ones & Rainbow (6 Suits),Lanvin,MangoPie,MarkusKahlsen,rz,Syrah
465044,4,0,Light-Pink-Ones & Rainbow (6 Suits),Lanvin,MangoPie,rz,Syrah
464546,4,20,Rainbow (4 Suits),Bashtalicious,charhanabi,mugsly,Syrah
463494,5,0,Rainbow (4 Suits),Bashtalicious,charhanabi,mugsly,scepheo,Syrah
463489,4,0,Rainbow (4 Suits),charhanabi,mugsly,scepheo,Syrah
463484,5,22,Rainbow (5 Suits),Bashtalicious,charhanabi,mugsly,scepheo,Syrah
462302,3,15,Omni & Muddy Rainbow (3 Suits),mugsly,scepheo,Syrah
462287,3,15,Prism Reversed (3 Suits),mugsly,scepheo,Syrah
460162,3,14,Prism Reversed (3 Suits),mugsly,scepheo,Syrah
460149,3,0,Prism Reversed (3 Suits),mugsly,scepheo,Syrah
460135,3,10,Prism Reversed (3 Suits),mugsly,scepheo,Syrah
458797,3,20,Rainbow-Ones & Rainbow (4 Suits),mugsly,scepheo,Syrah
458785,3,0,Rainbow-Ones & Rainbow (4 Suits),mugsly,scepheo,Syrah
458775,3,0,Omni & Muddy Rainbow (3 Suits),mugsly,scepheo,Syrah
458769,3,0,Omni & Muddy Rainbow (3 Suits),mugsly,scepheo,Syrah
457518,5,25,Rainbow (5 Suits),Bashtalicious,charhanabi,mugsly,scepheo,Syrah
456320,4,20,Rainbow-Ones (4 Suits),Lanvin,Lel0uch,MarkusKahlsen,Syrah
456316,3,0,Pink & Dark Rainbow (6 Suits),Lanvin,Lel0uch,Syrah
455189,4,14,3 Suits,Bashtalicious,mugsly,scepheo,Syrah
455177,4,20,Rainbow (4 Suits),Bashtalicious,mugsly,scepheo,Syrah
454108,4,25,Rainbow (5 Suits),charhanabi,mugsly,scepheo,Syrah
454100,4,0,Rainbow (5 Suits),charhanabi,mugsly,scepheo,Syrah
453027,3,14,Omni & Muddy Rainbow (3 Suits),mugsly,scepheo,Syrah
453020,4,23,Rainbow (5 Suits),Bashtalicious,mugsly,scepheo,Syrah
452204,3,0,Omni & Muddy Rainbow (3 Suits),mugsly,scepheo,Syrah
452194,3,0,Omni & Muddy Rainbow (3 Suits),mugsly,scepheo,Syrah
452170,3,13,Omni & Muddy Rainbow (3 Suits),mugsly,scepheo,Syrah
452143,3,0,Omni & Muddy Rainbow (3 Suits),mugsly,scepheo,Syrah
451355,3,0,Omni & Muddy Rainbow (3 Suits),mugsly,scepheo,Syrah
451340,3,13,Omni & Muddy Rainbow (3 Suits),mugsly,scepheo,Syrah
451325,3,15,White-Ones & Rainbow (3 Suits),mugsly,scepheo,Syrah
451314,3,14,White-Ones & Rainbow (3 Suits),mugsly,scepheo,Syrah
451253,3,30,Rainbow & Omni (6 Suits),mugsly,scepheo,Syrah
451170,3,0,Rainbow & Omni (6 Suits),mugsly,scepheo,Syrah
451080,3,0,No Variant,mugsly,scepheo,Syrah
449794,3,0,No Variant,mugsly,scepheo,Syrah
449790,3,0,No Variant,mugsly,scepheo,Syrah
449781,5,30,Rainbow (6 Suits),Bashtalicious,charhanabi,mugsly,scepheo,Syrah
448636,5,23,No Variant,Bashtalicious,charhanabi,mugsly,scepheo,Syrah
447132,3,20,Cow & Pig (4 Suits),mugsly,scepheo,Syrah
447075,3,0,No Variant,mugsly,scepheo,Syrah
447056,3,25,Number Blind (5 Suits),mugsly,scepheo,Syrah
447005,3,0,Number Blind (5 Suits),mugsly,scepheo,Syrah
446969,3,24,Number Blind (5 Suits),mugsly,scepheo,Syrah
446908,3,0,Number Blind (5 Suits),mugsly,scepheo,Syrah
446566,4,20,4 Suits,charhanabi,mugsly,scepheo,Syrah
446560,5,20,4 Suits,Bashtalicious,charhanabi,mugsly,scepheo,Syrah
445998,3,24,Number Blind (5 Suits),mugsly,scepheo,Syrah
445941,3,0,Number Blind (5 Suits),mugsly,scepheo,Syrah
445852,3,25,Alternating Clues (5 Suits),mugsly,scepheo,Syrah
445781,3,0,Alternating Clues (5 Suits),mugsly,scepheo,Syrah
445424,3,0,Alternating Clues (5 Suits),mugsly,scepheo,Syrah
444858,3,25,Throw It in a Hole (5 Suits),mugsly,scepheo,Syrah
444803,3,0,Throw It in a Hole (5 Suits),mugsly,scepheo,Syrah
444758,3,0,Throw It in a Hole (5 Suits),mugsly,scepheo,Syrah
444699,3,30,Ambiguous (6 Suits),mugsly,scepheo,Syrah
444646,3,0,Ambiguous (6 Suits),mugsly,scepheo,Syrah
444613,3,0,Ambiguous (6 Suits),mugsly,scepheo,Syrah
444569,3,0,Ambiguous (6 Suits),mugsly,scepheo,Syrah
444552,3,0,Ambiguous (6 Suits),mugsly,scepheo,Syrah
444219,3,0,Ambiguous (6 Suits),mugsly,scepheo,Syrah
443652,3,20,Ambiguous (4 Suits),mugsly,scepheo,Syrah
443562,3,30,Dark Prism (6 Suits),mugsly,scepheo,Syrah
443491,3,27,Dark Prism (6 Suits),mugsly,scepheo,Syrah
441894,2,17,Brown (4 Suits),scepheo,Syrah
441888,2,19,Brown (4 Suits),scepheo,Syrah
440825,5,29,6 Suits,Bashtalicious,charhanabi,mugsly,scepheo,Syrah
440816,4,0,6 Suits,Bashtalicious,mugsly,scepheo,Syrah
439411,3,20,4 Suits,mugsly,scepheo,Syrah
439352,3,0,Dark Prism (6 Suits),mugsly,scepheo,Syrah
439314,3,27,Dark Prism (6 Suits),mugsly,scepheo,Syrah
439270,3,0,Dark Prism (6 Suits),mugsly,scepheo,Syrah
439077,5,0,No Variant,Bashtalicious,charhanabi,mugsly,scepheo,Syrah
438012,4,25,No Variant,Bashtalicious,mugsly,scepheo,Syrah
436146,3,0,Dark Prism (6 Suits),mugsly,scepheo,Syrah
436122,3,0,Dark Prism (6 Suits),mugsly,scepheo,Syrah
436113,3,0,Dark Prism (6 Suits),mugsly,scepheo,Syrah
436073,3,20,Pink-Ones & Light Pink (4 Suits),mugsly,scepheo,Syrah
435663,3,18,Pink-Ones & Light Pink (4 Suits),mugsly,scepheo,Syrah
434377,4,0,Rainbow (5 Suits),charhanabi,mugsly,scepheo,Syrah
434365,4,0,Rainbow (5 Suits),charhanabi,mugsly,scepheo,Syrah
433275,4,20,4 Suits,charhanabi,mugsly,scepheo,Syrah
433268,4,0,4 Suits,charhanabi,mugsly,scepheo,Syrah
432146,4,25,No Variant,charhanabi,mugsly,scepheo,Syrah
430958,5,23,No Variant,BoloEblae,charhanabi,mugsly,scepheo,Syrah
429826,3,0,Pink-Ones & Light Pink (4 Suits),mugsly,scepheo,Syrah
429822,3,0,Dark Prism (6 Suits),mugsly,scepheo,Syrah
428991,3,18,Pink-Ones & Light Pink (4 Suits),mugsly,scepheo,Syrah
428937,3,25,Dark Prism (5 Suits),mugsly,scepheo,Syrah
428907,3,0,Dark Prism (5 Suits),mugsly,scepheo,Syrah
428898,3,22,Dark Prism (5 Suits),mugsly,scepheo,Syrah
428297,3,30,Gray Pink (6 Suits),mugsly,scepheo,Syrah
427616,3,29,Gray Pink (6 Suits),mugsly,scepheo,Syrah
427596,3,28,Gray Pink (6 Suits),mugsly,scepheo,Syrah
426390,4,22,No Variant,charhanabi,mugsly,scepheo,Syrah
426384,4,0,No Variant,charhanabi,mugsly,scepheo,Syrah
426379,4,0,No Variant,charhanabi,mugsly,scepheo,Syrah
425255,2,25,Rainbow (5 Suits),scepheo,Syrah
425243,3,18,4 Suits,BoloEblae,scepheo,Syrah
423946,4,25,No Variant,charhanabi,mugsly,scepheo,Syrah
422943,4,13,3 Suits,charhanabi,mugsly,scepheo,Syrah
422934,4,22,No Variant,charhanabi,mugsly,scepheo,Syrah
422927,4,0,No Variant,charhanabi,mugsly,scepheo,Syrah
422398,3,28,Gray Pink (6 Suits),mugsly,scepheo,Syrah
422364,3,0,Gray Pink (6 Suits),mugsly,scepheo,Syrah
422328,3,0,Gray Pink (6 Suits),mugsly,scepheo,Syrah
422306,3,0,Gray Pink (6 Suits),mugsly,scepheo,Syrah
418515,4,23,No Variant,BoloEblae,mugsly,scepheo,Syrah
418496,3,0,3 Suits,mugsly,scepheo,Syrah
417529,3,0,Gray Pink (6 Suits),mugsly,scepheo,Syrah
416318,3,25,Gray Pink (5 Suits),mugsly,scepheo,Syrah
415657,3,0,Gray Pink (5 Suits),mugsly,scepheo,Syrah
415630,3,0,Gray Pink (5 Suits),mugsly,scepheo,Syrah
415612,3,0,Gray Pink (5 Suits),mugsly,scepheo,Syrah
415535,3,0,Gray Pink (5 Suits),mugsly,scepheo,Syrah
415376,3,0,Gray Pink (5 Suits),mugsly,scepheo,Syrah
413755,3,30,Cocoa Rainbow (6 Suits),mugsly,scepheo,Syrah
413713,3,0,Cocoa Rainbow (6 Suits),mugsly,scepheo,Syrah
413485,3,25,Cocoa Rainbow (5 Suits),mugsly,scepheo,Syrah
413468,3,0,Cocoa Rainbow (5 Suits),mugsly,scepheo,Syrah
413455,3,0,Cocoa Rainbow (5 Suits),mugsly,scepheo,Syrah
411313,3,0,Cocoa Rainbow (5 Suits),mugsly,scepheo,Syrah
411304,3,0,Cocoa Rainbow (5 Suits),mugsly,scepheo,Syrah
408562,3,0,Rainbow (5 Suits),mugsly,scepheo,Syrah
408554,3,0,Cocoa Rainbow (5 Suits),mugsly,scepheo,Syrah
407324,3,21,Cocoa Rainbow (5 Suits),mugsly,scepheo,Syrah
406492,3,24,Cocoa Rainbow (5 Suits),mugsly,scepheo,Syrah
406465,3,23,Cocoa Rainbow (5 Suits),mugsly,scepheo,Syrah
405148,3,0,Cocoa Rainbow (5 Suits),mugsly,scepheo,Syrah
405130,3,0,Cocoa Rainbow (5 Suits),mugsly,scepheo,Syrah
404311,3,0,Cocoa Rainbow (5 Suits),mugsly,scepheo,Syrah
404305,3,0,Cocoa Rainbow (5 Suits),mugsly,scepheo,Syrah
404281,3,0,Cocoa Rainbow (5 Suits),mugsly,scepheo,Syrah
404259,3,30,Dark Omni (6 Suits),mugsly,scepheo,Syrah
402960,3,25,Dark Omni (5 Suits),mugsly,scepheo,Syrah
401964,3,22,Dark Omni (5 Suits),mugsly,scepheo,Syrah
400100,3,30,Dark Brown (6 Suits),mugsly,scepheo,Syrah
400093,3,0,Dark Brown (6 Suits),mugsly,scepheo,Syrah
397098,3,25,Dark Brown (5 Suits),mugsly,scepheo,Syrah
397057,3,23,Dark Brown (5 Suits),mugsly,scepheo,Syrah
397023,3,0,Dark Brown (5 Suits),mugsly,scepheo,Syrah
396592,3,30,Gray (6 Suits),mugsly,scepheo,Syrah
396574,3,0,Gray (6 Suits),mugsly,scepheo,Syrah
394417,3,29,Gray (6 Suits),mugsly,scepheo,Syrah
393383,3,15,Rainbow & White (3 Suits),mugsly,scepheo,Syrah
392416,3,13,Rainbow & White (3 Suits),mugsly,scepheo,Syrah
392412,3,13,Rainbow & White (3 Suits),mugsly,scepheo,Syrah
388189,3,0,Gray (6 Suits),mugsly,scepheo,Syrah
388184,3,0,Gray (6 Suits),mugsly,scepheo,Syrah
388180,3,0,Gray (6 Suits),mugsly,scepheo,Syrah
386151,3,25,Gray (5 Suits),mugsly,scepheo,Syrah
386121,3,0,Gray (5 Suits),mugsly,scepheo,Syrah
386107,3,0,Gray (5 Suits),mugsly,scepheo,Syrah
386066,3,24,Gray (5 Suits),mugsly,scepheo,Syrah
384974,3,30,Dark Pink (6 Suits),mugsly,scepheo,Syrah
384959,3,28,Dark Pink (6 Suits),mugsly,scepheo,Syrah
381769,3,0,Dark Pink (6 Suits),mugsly,scepheo,Syrah
381760,3,0,Dark Pink (6 Suits),mugsly,scepheo,Syrah
381752,3,25,Dark Pink (5 Suits),mugsly,scepheo,Syrah
381743,3,0,Dark Pink (5 Suits),mugsly,scepheo,Syrah
381734,3,0,Dark Pink (5 Suits),mugsly,scepheo,Syrah
381728,3,0,Dark Pink (5 Suits),mugsly,scepheo,Syrah
379872,3,22,Dark Pink (5 Suits),mugsly,scepheo,Syrah
379859,3,0,Dark Pink (5 Suits),mugsly,scepheo,Syrah
379855,3,0,Dark Pink (5 Suits),mugsly,scepheo,Syrah
379844,3,24,Dark Pink (5 Suits),mugsly,scepheo,Syrah
370116,3,0,Dark Pink (5 Suits),mugsly,scepheo,Syrah
370090,3,0,Dark Pink (5 Suits),mugsly,scepheo,Syrah
370073,3,0,Dark Pink (5 Suits),mugsly,scepheo,Syrah
370062,3,0,Dark Pink (5 Suits),mugsly,scepheo,Syrah
370055,3,24,Dark Pink (5 Suits),mugsly,scepheo,Syrah
370009,3,23,Dark Pink (5 Suits),mugsly,scepheo,Syrah
369984,3,22,Dark Pink (5 Suits),mugsly,scepheo,Syrah
369959,3,30,Dark Rainbow (6 Suits),mugsly,scepheo,Syrah
369907,3,28,Dark Rainbow (6 Suits),mugsly,scepheo,Syrah
369853,3,29,Dark Rainbow (6 Suits),mugsly,scepheo,Syrah
369845,3,0,Dark Rainbow (6 Suits),mugsly,scepheo,Syrah
361894,3,25,Dark Rainbow (5 Suits),mugsly,scepheo,Syrah
361870,3,0,Dark Rainbow (5 Suits),mugsly,scepheo,Syrah
361845,3,24,Dark Rainbow (5 Suits),mugsly,scepheo,Syrah
361799,3,0,Dark Rainbow (5 Suits),mugsly,scepheo,Syrah
359973,3,0,Dark Rainbow (5 Suits),mugsly,scepheo,Syrah
359967,3,0,Dark Rainbow (5 Suits),mugsly,scepheo,Syrah
359942,3,20,Prism (4 Suits),mugsly,scepheo,Syrah
359912,3,15,Muddy Rainbow (3 Suits),mugsly,scepheo,Syrah
359899,3,0,Muddy Rainbow (3 Suits),mugsly,scepheo,Syrah
358537,3,13,Muddy Rainbow (3 Suits),mugsly,scepheo,Syrah
358462,3,13,Muddy Rainbow (3 Suits),mugsly,scepheo,Syrah
358422,3,13,Muddy Rainbow (3 Suits),mugsly,scepheo,Syrah
358404,3,0,Muddy Rainbow (3 Suits),mugsly,scepheo,Syrah
357006,3,0,Muddy Rainbow (3 Suits),mugsly,scepheo,Syrah
356974,3,0,Muddy Rainbow (3 Suits),mugsly,scepheo,Syrah
356943,3,20,Muddy Rainbow (4 Suits),mugsly,scepheo,Syrah
356893,3,25,Rainbow (5 Suits),mugsly,scepheo,Syrah
352011,3,0,Muddy Rainbow (4 Suits),mugsly,scepheo,Syrah
351979,3,0,Muddy Rainbow (4 Suits),mugsly,scepheo,Syrah
344452,3,0,Muddy Rainbow (4 Suits),mugsly,scepheo,Syrah
344378,3,0,Muddy Rainbow (4 Suits),mugsly,scepheo,Syrah
344350,3,0,Muddy Rainbow (4 Suits),mugsly,scepheo,Syrah
344322,3,19,Muddy Rainbow (4 Suits),mugsly,scepheo,Syrah
343561,3,0,Muddy Rainbow (4 Suits),mugsly,scepheo,Syrah
343523,3,0,Muddy Rainbow (4 Suits),mugsly,scepheo,Syrah
343486,3,30,Muddy Rainbow (6 Suits),mugsly,scepheo,Syrah
337698,3,25,Muddy Rainbow (5 Suits),mugsly,scepheo,Syrah
335553,3,15,Omni (3 Suits),mugsly,scepheo,Syrah
335515,3,20,Omni (4 Suits),mugsly,scepheo,Syrah
335474,3,25,Omni (5 Suits),mugsly,scepheo,Syrah
334803,3,0,No Variant,mugsly,scepheo,Syrah
334782,3,0,Omni (5 Suits),mugsly,scepheo,Syrah
334759,3,0,Omni (5 Suits),mugsly,scepheo,Syrah
334745,3,15,Brown (3 Suits),mugsly,scepheo,Syrah
334715,3,0,Brown (3 Suits),mugsly,scepheo,Syrah
334703,3,0,Brown (3 Suits),mugsly,scepheo,Syrah
334670,3,0,Brown (3 Suits),mugsly,scepheo,Syrah
334638,3,0,Brown (3 Suits),mugsly,scepheo,Syrah
333994,3,25,Brown (5 Suits),mugsly,scepheo,Syrah
333964,3,20,White (4 Suits),mugsly,scepheo,Syrah
333939,3,0,White (4 Suits),mugsly,scepheo,Syrah
333084,3,25,White (5 Suits),mugsly,scepheo,Syrah
323133,3,20,Pink (4 Suits),mugsly,scepheo,Syrah
323105,3,25,Pink (5 Suits),mugsly,scepheo,Syrah
320437,3,23,Pink (5 Suits),mugsly,scepheo,Syrah
320425,3,20,Rainbow (4 Suits),mugsly,scepheo,Syrah
320412,3,20,4 Suits,mugsly,scepheo,Syrah
319019,3,0,Alternating Clues (5 Suits),mugsly,scepheo,Syrah
318990,3,0,Alternating Clues (5 Suits),mugsly,scepheo,Syrah
318981,3,0,Alternating Clues (5 Suits),mugsly,scepheo,Syrah
318969,3,30,Ambiguous (6 Suits),mugsly,scepheo,Syrah
318324,3,15,Light Pink (3 Suits),mugsly,scepheo,Syrah
318304,3,0,Light Pink (3 Suits),mugsly,scepheo,Syrah
318285,3,0,Light Pink (3 Suits),mugsly,scepheo,Syrah
318262,3,0,Light Pink (3 Suits),mugsly,scepheo,Syrah
318244,3,15,Pink (3 Suits),mugsly,scepheo,Syrah
318228,3,0,Pink (3 Suits),mugsly,scepheo,Syrah
318088,3,14,Pink (3 Suits),mugsly,scepheo,Syrah
318081,3,30,Rainbow-Fives (6 Suits),mugsly,scepheo,Syrah
318075,3,0,Rainbow-Fives (6 Suits),mugsly,scepheo,Syrah
318073,3,0,Rainbow-Fives (6 Suits),mugsly,scepheo,Syrah
318071,3,0,Rainbow-Fives (6 Suits),mugsly,scepheo,Syrah
317644,3,30,Muddy Rainbow (6 Suits),mugsly,scepheo,Syrah
317610,3,0,Muddy Rainbow (6 Suits),mugsly,scepheo,Syrah
317598,3,25,Light Pink (5 Suits),mugsly,scepheo,Syrah
317584,3,0,Pink-Ones & Light Pink (4 Suits),mugsly,scepheo,Syrah
317565,3,0,Pink-Ones & Light Pink (4 Suits),mugsly,scepheo,Syrah
317555,3,25,Gray (5 Suits),mugsly,scepheo,Syrah
317526,3,25,Prism (5 Suits),mugsly,scepheo,Syrah
317493,3,23,Prism (5 Suits),mugsly,scepheo,Syrah
316070,3,23,Gray (5 Suits),mugsly,scepheo,Syrah
316045,3,30,Omni (6 Suits),mugsly,scepheo,Syrah
315981,3,0,Omni (6 Suits),mugsly,scepheo,Syrah
315953,3,0,Omni (6 Suits),mugsly,scepheo,Syrah
315275,3,28,Omni (6 Suits),mugsly,scepheo,Syrah
315241,3,0,Omni (6 Suits),mugsly,scepheo,Syrah
315234,3,0,Omni (6 Suits),mugsly,scepheo,Syrah
315226,3,0,Omni (6 Suits),mugsly,scepheo,Syrah
313724,3,29,Omni (6 Suits),mugsly,scepheo,Syrah
313648,3,0,Omni (6 Suits),mugsly,scepheo,Syrah
313605,3,0,Omni (6 Suits),mugsly,scepheo,Syrah
313491,3,0,Omni (6 Suits),mugsly,scepheo,Syrah
313456,3,0,Omni (6 Suits),mugsly,scepheo,Syrah
309908,3,0,Omni (6 Suits),mugsly,scepheo,Syrah
309892,3,0,Omni (6 Suits),mugsly,scepheo,Syrah
309844,3,30,Rainbow & White (6 Suits),mugsly,scepheo,Syrah
309815,3,20,Brown (4 Suits),mugsly,scepheo,Syrah
309778,3,30,Up or Down (6 Suits),mugsly,scepheo,Syrah
309746,3,0,Up or Down (6 Suits),mugsly,scepheo,Syrah
308594,3,19,Brown (4 Suits),mugsly,scepheo,Syrah
308569,3,30,Light Pink (6 Suits),mugsly,scepheo,Syrah
308544,3,0,Light Pink (6 Suits),mugsly,scepheo,Syrah
308532,3,15,Reversed (3 Suits),mugsly,scepheo,Syrah
308521,3,29,Up or Down (6 Suits),mugsly,scepheo,Syrah
308492,3,0,Up or Down (6 Suits),mugsly,scepheo,Syrah
307858,3,0,Pink-Ones & Light Pink (4 Suits),mugsly,scepheo,Syrah
307846,3,0,Up or Down (6 Suits),mugsly,scepheo,Syrah
307822,3,0,Up or Down (6 Suits),mugsly,scepheo,Syrah
307765,3,29,Up or Down (6 Suits),mugsly,scepheo,Syrah
307747,3,15,Rainbow (3 Suits),mugsly,scepheo,Syrah
307739,3,0,Rainbow (3 Suits),mugsly,scepheo,Syrah
306842,3,0,Rainbow (3 Suits),mugsly,scepheo,Syrah
306836,3,14,Rainbow (3 Suits),mugsly,scepheo,Syrah
306830,3,20,Reversed (4 Suits),mugsly,scepheo,Syrah
306825,3,25,Rainbow (5 Suits),mugsly,scepheo,Syrah
306822,3,0,Rainbow (5 Suits),mugsly,scepheo,Syrah
306811,3,0,Rainbow (5 Suits),mugsly,scepheo,Syrah
306753,3,25,Black (5 Suits),mugsly,scepheo,Syrah
306740,3,0,Black (5 Suits),mugsly,scepheo,Syrah
305996,3,22,Black (5 Suits),mugsly,scepheo,Syrah
305974,3,0,Black (5 Suits),mugsly,scepheo,Syrah
305634,3,23,Black (5 Suits),mugsly,scepheo,Syrah
305615,3,24,Black (5 Suits),mugsly,scepheo,Syrah
305597,3,0,Black (5 Suits),mugsly,scepheo,Syrah
305573,3,0,Black (5 Suits),mugsly,scepheo,Syrah
305559,3,0,Black (5 Suits),mugsly,scepheo,Syrah
304945,3,24,Black (5 Suits),mugsly,scepheo,Syrah
304934,3,24,Black (5 Suits),mugsly,scepheo,Syrah
304911,3,0,Black (5 Suits),mugsly,scepheo,Syrah
304891,3,24,No Variant,mugsly,scepheo,Syrah
287489,3,15,Prism (3 Suits),mugsly,scepheo,Syrah
287476,3,30,Prism (6 Suits),mugsly,scepheo,Syrah
287396,3,29,Prism (6 Suits),mugsly,scepheo,Syrah
287366,3,28,Rainbow (6 Suits),mugsly,scepheo,Syrah
279591,3,30,Omni-Ones (6 Suits),mugsly,scepheo,Syrah
279545,3,0,Omni-Ones (6 Suits),mugsly,scepheo,Syrah
279520,3,29,Up or Down (6 Suits),mugsly,scepheo,Syrah
279464,3,29,Up or Down (6 Suits),mugsly,scepheo,Syrah
279438,3,25,No Variant,mugsly,scepheo,Syrah
279423,3,0,Up or Down (6 Suits),mugsly,scepheo,Syrah
276824,3,30,Rainbow-Ones (6 Suits),mugsly,scepheo,Syrah
276785,3,0,Dual-Color (6 Suits),mugsly,scepheo,Syrah
276762,3,30,Dual-Color (6 Suits),mugsly,scepheo,Syrah
276716,3,15,White (3 Suits),mugsly,scepheo,Syrah
276699,3,0,White (3 Suits),mugsly,scepheo,Syrah
276692,3,0,White (3 Suits),mugsly,scepheo,Syrah
276675,3,13,White (3 Suits),mugsly,scepheo,Syrah
275363,3,0,White (3 Suits),mugsly,scepheo,Syrah
275357,3,14,White (3 Suits),mugsly,scepheo,Syrah
275351,3,14,White (3 Suits),mugsly,scepheo,Syrah
275325,3,0,Dual-Color (6 Suits),mugsly,scepheo,Syrah
275251,3,25,Rainbow-Ones & Brown (5 Suits),mugsly,scepheo,Syrah
274504,3,15,3 Suits,mugsly,scepheo,Syrah
274474,3,30,Dark Rainbow (6 Suits),mugsly,scepheo,Syrah
274445,3,0,Dark Rainbow (6 Suits),mugsly,scepheo,Syrah
274427,2,13,3 Suits,mugsly,Syrah
272066,3,27,Dark Rainbow (6 Suits),mugsly,scepheo,Syrah
272023,3,0,Dark Rainbow (6 Suits),mugsly,scepheo,Syrah
272008,3,26,Dark Rainbow (6 Suits),mugsly,scepheo,Syrah
271967,3,29,Dark Rainbow (6 Suits),mugsly,scepheo,Syrah
271906,3,29,Dark Rainbow (6 Suits),mugsly,scepheo,Syrah
271857,3,20,Light Pink (4 Suits),mugsly,scepheo,Syrah
271823,3,19,Light Pink (4 Suits),mugsly,scepheo,Syrah
271797,3,0,Light Pink (4 Suits),mugsly,scepheo,Syrah
271774,2,18,4 Suits,mugsly,Syrah
271061,3,20,4 Suits,mugsly,scepheo,Syrah
271039,3,18,4 Suits,mugsly,scepheo,Syrah
271000,3,25,Brown-Ones & White (5 Suits),mugsly,scepheo,Syrah
270958,3,15,White-Fives (3 Suits),mugsly,scepheo,Syrah
270945,3,14,White-Fives (3 Suits),mugsly,scepheo,Syrah
270936,3,0,White-Fives (3 Suits),mugsly,scepheo,Syrah
270922,3,14,White-Fives (3 Suits),mugsly,scepheo,Syrah
270057,4,0,No Variant,Floriman,mugsly,scharkbite,Syrah
270021,4,0,No Variant,Floriman,mugsly,scharkbite,Syrah
269981,4,26,Black (6 Suits),avanderwalde,impostor,mugsly,Syrah
269948,3,0,Pink-Ones & Light Pink (4 Suits),mugsly,scepheo,Syrah
269260,3,30,White-Ones & White (6 Suits),mugsly,scepheo,Syrah
269208,3,27,White-Ones & White (6 Suits),mugsly,scepheo,Syrah
269184,3,29,White-Ones & White (6 Suits),mugsly,scepheo,Syrah
269132,3,28,White-Ones & White (6 Suits),mugsly,scepheo,Syrah
268366,3,29,White-Ones & White (6 Suits),mugsly,scepheo,Syrah
268319,3,0,No Variant,mugsly,scepheo,Syrah
268284,3,30,6 Suits,mugsly,scepheo,Syrah
267588,3,30,Rainbow (6 Suits),mugsly,scepheo,Syrah
267527,3,29,Rainbow (6 Suits),mugsly,scepheo,Syrah
267460,3,30,Rainbow (6 Suits),mugsly,scepheo,Syrah
264547,3,29,Rainbow (6 Suits),mugsly,scepheo,Syrah
264488,3,30,Rainbow (6 Suits),mugsly,scepheo,Syrah
264454,3,0,Rainbow (6 Suits),mugsly,scepheo,Syrah
264437,3,30,Rainbow (6 Suits),mugsly,scepheo,Syrah
264405,2,0,Black (6 Suits),scepheo,Syrah
264391,2,0,Black (6 Suits),scepheo,Syrah
264302,5,0,Rainbow (5 Suits),DMoney,Libster,Nitrate2,Syrah,Zakisan
264284,4,25,No Variant,DMoney,Nitrate2,pianoblook,Syrah
264274,4,0,No Variant,DMoney,Nitrate2,pianoblook,Syrah
262895,3,30,6 Suits,mugsly,scepheo,Syrah
262875,3,0,6 Suits,mugsly,scepheo,Syrah
262868,3,0,6 Suits,mugsly,scepheo,Syrah
262841,3,14,Rainbow (3 Suits),mugsly,scepheo,Syrah
262835,3,0,Rainbow (3 Suits),mugsly,scepheo,Syrah
262833,3,0,Rainbow (3 Suits),mugsly,scepheo,Syrah
262822,3,0,Omni (6 Suits),mugsly,scepheo,Syrah
262735,2,0,Up or Down (6 Suits),scepheo,Syrah
262733,2,28,Up or Down (6 Suits),scepheo,Syrah
262727,2,30,Rainbow (6 Suits),scepheo,Syrah
261865,3,30,Black (6 Suits),mugsly,scepheo,Syrah
261832,3,27,Black (6 Suits),mugsly,scepheo,Syrah
261797,3,0,Black (6 Suits),mugsly,scepheo,Syrah
261761,3,0,Black (6 Suits),mugsly,scepheo,Syrah
261736,3,0,Black (6 Suits),mugsly,scepheo,Syrah
261726,3,0,Black (6 Suits),mugsly,scepheo,Syrah
261501,2,30,Rainbow (6 Suits),scepheo,Syrah
260854,3,0,Rainbow & White (6 Suits),mugsly,scepheo,Syrah
260768,3,30,Rainbow (6 Suits),mugsly,scepheo,Syrah
258435,3,30,Brown (6 Suits),mugsly,scepheo,Syrah
258407,3,27,Brown (6 Suits),mugsly,scepheo,Syrah
258363,5,0,Light Pink (6 Suits),Ahming,IsabeltheCat,Livia,Syrah,will.i.am
258355,5,0,Brown (4 Suits),Ahming,IsabeltheCat,Livia,Syrah,will.i.am
258154,5,25,No Variant,MarkusKahlsen,pianoblook,qbphoenix,scepheo,Syrah
258006,4,0,No Variant,EnchanterTim,mugsly,scepheo,Syrah
257996,4,0,Rainbow (6 Suits),EnchanterTim,mugsly,scepheo,Syrah
257986,4,24,No Variant,EnchanterTim,mugsly,scepheo,Syrah
257974,4,23,No Variant,EnchanterTim,mugsly,scepheo,Syrah
256465,3,26,Brown (6 Suits),mugsly,scepheo,Syrah
256448,3,30,Rainbow (6 Suits),mugsly,scepheo,Syrah
256417,3,30,White (6 Suits),mugsly,scepheo,Syrah
256388,3,28,White (6 Suits),mugsly,scepheo,Syrah
255657,3,30,Pink (6 Suits),mugsly,scepheo,Syrah
255586,3,27,Black (6 Suits),mugsly,scepheo,Syrah
255562,3,27,Black (6 Suits),mugsly,scepheo,Syrah
255502,3,0,Black (6 Suits),mugsly,scepheo,Syrah
255472,3,23,No Variant,mugsly,scepheo,Syrah
255434,4,0,Rainbow (6 Suits),mugsly,scepheo,Syrah,toppie123
248007,3,30,Rainbow (6 Suits),mugsly,Syrah,toppie123
247962,3,28,Rainbow (6 Suits),mugsly,Syrah,toppie123